CUST_CODE,CUST_LIFESTAGE
CUST0000410727,OT
CUST0000634693,YF
,
CUST0000353957,PE
CUST0000089820,OT
CUST0000715467,OT
CUST0000005053,
CUST0000215521,PE
CUST0000143602,OT
CUST0000649759,OT
CUST0000577810,PE
CUST0000626899,OT
CUST0000683624,OT
CUST0000753818,OT
CUST0000880906,OT
CUST0000723002,YF
CUST0000079790,OT
CUST0000059001,YF
CUST0000194233,
CUST0000267507,OA
CUST0000557389,YA
CUST0000410932,OT
CUST0000967987,OT
CUST0000124431,
CUST0000746234,YA
CUST0000697836,YF
CUST0000904125,YF
CUST0000115970,YA
CUST0000125124,YF
CUST0000287482,YA
CUST0000474466,YA
CUST0000643107,YF
CUST0000484388,OA
CUST0000811618,OT
CUST0000856398,YA
CUST0000958935,OA
CUST0000612210,PE
CUST0000121259,PE
CUST0000141657,OA
CUST0000816240,YF
CUST0000877775,OT
CUST0000414452,YA
CUST0000994092,YA
CUST0000618910,OT
CUST0000808290,PE
CUST0000816474,YA
CUST0000175215,YF
CUST0000070986,PE
CUST0000794797,OT
CUST0000091271,
CUST0000708813,OT
CUST0000463469,OT
CUST0000978795,
CUST0000266020,OF
CUST0000923551,YA
CUST0000251863,OF
CUST0000646899,OA
CUST0000109120,YA
CUST0000894444,OT
CUST0000523791,OT
CUST0000804925,OA
CUST0000025448,YF
CUST0000794349,OA
CUST0000767888,YF
CUST0000476201,YA
CUST0000595333,YA
CUST0000899882,YF
CUST0000491694,OT
CUST0000489934,YA
CUST0000850673,OT
CUST0000609675,OA
CUST0000785583,PE
CUST0000016087,OF
CUST0000163355,OT
CUST0000959210,YA
CUST0000764520,YF
CUST0000868748,OT
CUST0000754753,OT
CUST0000049424,
CUST0000951367,OT
CUST0000648788,YA
CUST0000078777,OF
CUST0000670676,OT
CUST0000602024,YA
CUST0000414915,OA
CUST0000967041,OA
CUST0000456145,PE
CUST0000635024,OA
CUST0000968222,OT
CUST0000458006,PE
CUST0000061472,YA
CUST0000057033,OT
CUST0000310512,OA
CUST0000931984,
CUST0000009537,
CUST0000824453,OT
CUST0000328659,
CUST0000847593,OT
CUST0000234190,OF
CUST0000042310,YF
CUST0000321850,OT
CUST0000325483,
CUST0000280589,YF
CUST0000149614,OF
CUST0000793074,
CUST0000282130,YA
CUST0000864337,OT
CUST0000061263,PE
CUST0000078328,
CUST0000697528,OT
CUST0000725494,OT
CUST0000284103,OT
CUST0000624170,YF
CUST0000713877,
CUST0000699367,OT
CUST0000779812,OT
CUST0000318461,OT
CUST0000579835,PE
CUST0000964191,OT
CUST0000980418,OF
CUST0000455947,OF
CUST0000656319,OA
CUST0000091896,OT
CUST0000411364,PE
CUST0000749091,OT
CUST0000309773,YF
CUST0000561300,OT
CUST0000744925,OA
CUST0000027188,YF
CUST0000187885,
CUST0000713486,PE
CUST0000065671,OT
CUST0000487479,OF
CUST0000057088,
CUST0000918102,OF
CUST0000862670,YA
CUST0000983830,YF
CUST0000130658,OA
CUST0000324222,PE
CUST0000371949,OT
CUST0000224145,OT
CUST0000582217,
CUST0000069624,OT
CUST0000422914,OT
CUST0000818812,YA
CUST0000099530,YF
CUST0000907948,OT
CUST0000843006,OT
CUST0000639274,
CUST0000085249,OT
CUST0000509394,YA
CUST0000253846,YF
CUST0000805786,
CUST0000199180,OA
CUST0000656130,YF
CUST0000093607,PE
CUST0000855939,
CUST0000782062,OT
CUST0000940633,YA
CUST0000855087,YA
CUST0000102309,YA
CUST0000729898,PE
CUST0000506100,OT
CUST0000132235,YF
CUST0000218305,OT
CUST0000899003,OT
CUST0000073199,OA
CUST0000839736,OA
CUST0000258097,OF
CUST0000931901,YF
CUST0000310334,YA
CUST0000099315,OA
CUST0000209037,
CUST0000018911,
CUST0000843286,OT
CUST0000919465,OA
CUST0000965378,PE
CUST0000647281,OT
CUST0000726362,OA
CUST0000653545,OT
CUST0000297608,YF
CUST0000142262,
CUST0000969460,YF
CUST0000799807,OT
CUST0000760393,YF
CUST0000260876,OT
CUST0000292985,
CUST0000660590,OT
CUST0000113976,OT
CUST0000311496,OT
CUST0000313722,YA
CUST0000531481,OA
CUST0000686580,OA
CUST0000370351,YF
CUST0000288788,OT
CUST0000651826,OT
CUST0000914396,
CUST0000568724,PE
CUST0000530875,OF
CUST0000595430,YF
CUST0000762076,YA
CUST0000318596,OA
CUST0000762118,
CUST0000397207,YA
CUST0000276429,PE
CUST0000465140,OT
CUST0000124113,OT
CUST0000544383,PE
CUST0000971135,YA
CUST0000402327,YF
CUST0000735077,OF
CUST0000653101,
CUST0000308745,OF
CUST0000561978,YA
CUST0000074550,OT
CUST0000317490,OT
CUST0000752292,OT
CUST0000600338,YF
CUST0000767872,OT
CUST0000677532,YA
CUST0000761811,OT
CUST0000901390,OA
CUST0000459058,OA
CUST0000994225,OT
CUST0000640214,OA
CUST0000369556,
CUST0000188655,
CUST0000138854,YF
CUST0000436351,OT
CUST0000302718,OT
CUST0000146770,YF
CUST0000999385,OA
CUST0000553751,PE
CUST0000223076,PE
CUST0000872792,OA
CUST0000786243,YA
CUST0000439239,OT
CUST0000821330,
CUST0000272853,YF
CUST0000684800,OT
CUST0000213955,OT
CUST0000837146,YA
CUST0000895972,YF
CUST0000785478,
CUST0000256112,PE
CUST0000371535,YF
CUST0000517648,PE
CUST0000140306,YF
CUST0000856322,YF
CUST0000603535,YA
CUST0000534608,YF
CUST0000071732,YF
CUST0000126668,YF
CUST0000465192,OT
CUST0000373868,
CUST0000225040,YF
CUST0000690650,PE
CUST0000453430,YF
CUST0000645774,OT
CUST0000049075,PE
CUST0000729056,OT
CUST0000627626,OT
CUST0000670207,OT
CUST0000574637,OT
CUST0000993271,OT
CUST0000238146,
CUST0000029729,OA
CUST0000440411,YA
CUST0000777842,OA
CUST0000806551,YF
CUST0000549120,YF
CUST0000753263,PE
CUST0000053274,OT
CUST0000179031,YF
CUST0000291861,OT
CUST0000987769,YA
CUST0000488624,YF
CUST0000221356,YF
CUST0000054115,OT
CUST0000384891,YA
CUST0000918881,
CUST0000288518,OT
CUST0000717077,OT
CUST0000432169,
CUST0000310786,OA
CUST0000780100,YA
CUST0000049612,
CUST0000772661,PE
CUST0000643095,YA
CUST0000855714,YF
CUST0000425755,
CUST0000473207,PE
CUST0000227629,OT
CUST0000722230,YA
CUST0000903739,YA
CUST0000945332,OT
CUST0000953463,YF
CUST0000737688,PE
CUST0000656750,
CUST0000827922,OT
CUST0000612602,
CUST0000522632,
CUST0000131200,OA
CUST0000538692,OA
CUST0000670072,OF
CUST0000692260,OT
CUST0000162349,OT
CUST0000554743,
CUST0000485753,OT
CUST0000785295,
CUST0000860875,OT
CUST0000470110,PE
CUST0000032813,OT
CUST0000573047,OA
CUST0000587787,YF
CUST0000555784,OA
CUST0000822085,OA
CUST0000883283,OA
CUST0000746862,PE
CUST0000029009,YA
CUST0000356601,OA
CUST0000219249,OT
CUST0000567295,OT
CUST0000803113,PE
CUST0000918630,OT
CUST0000412288,OA
CUST0000594668,OA
CUST0000838538,OT
CUST0000980408,YA
CUST0000128103,YF
CUST0000248273,OA
CUST0000001437,OA
CUST0000166823,OF
CUST0000433913,
CUST0000851860,YF
CUST0000701483,YA
CUST0000177095,OA
CUST0000672560,YA
CUST0000404216,OT
CUST0000264107,
CUST0000703822,OT
CUST0000950666,
CUST0000137504,PE
CUST0000311194,
CUST0000597770,OA
CUST0000545821,YF
CUST0000102331,OF
CUST0000916536,
CUST0000159899,
CUST0000436863,YA
CUST0000707875,OA
CUST0000205547,YA
CUST0000389267,OF
CUST0000027294,OF
CUST0000260311,OT
CUST0000504497,YF
CUST0000425801,PE
CUST0000235779,PE
CUST0000006445,YA
CUST0000491740,OT
CUST0000610428,OT
CUST0000705250,
CUST0000804462,OT
CUST0000100419,YA
CUST0000620867,OT
CUST0000249577,YF
CUST0000250864,OT
CUST0000086976,OT
CUST0000697061,OA
CUST0000730479,OT
CUST0000306580,
CUST0000701142,OT
CUST0000076793,PE
CUST0000587584,YA
CUST0000670191,
CUST0000088701,
CUST0000545161,OT
CUST0000290793,YF
CUST0000759545,YF
CUST0000995323,YA
CUST0000168307,OA
CUST0000643225,OF
CUST0000671253,YA
CUST0000728277,YF
CUST0000620929,YF
CUST0000087895,YA
CUST0000534245,YF
CUST0000506991,YA
CUST0000878361,OT
CUST0000926292,YF
CUST0000161967,OT
CUST0000329564,
CUST0000556728,
CUST0000796287,OT
CUST0000966156,PE
CUST0000445924,YF
CUST0000634919,PE
CUST0000732461,OT
CUST0000516705,OT
CUST0000150892,
CUST0000920214,OA
CUST0000010805,OT
CUST0000078429,YA
CUST0000046348,YF
CUST0000834203,OT
CUST0000689944,
CUST0000374335,YF
CUST0000740845,OA
CUST0000276604,OT
CUST0000028077,OT
CUST0000580080,OT
CUST0000124963,OA
CUST0000362355,
CUST0000385636,OT
CUST0000001480,
CUST0000807896,
CUST0000614343,YA
CUST0000578661,OT
CUST0000266152,OT
CUST0000299856,
CUST0000618985,OT
CUST0000235664,OT
CUST0000818932,YF
CUST0000622665,OT
CUST0000985163,
CUST0000920332,YF
CUST0000193087,OA
CUST0000797294,YF
CUST0000261381,OT
CUST0000075376,YF
CUST0000341445,PE
CUST0000576210,PE
CUST0000732049,
CUST0000009737,OA
CUST0000019017,OT
CUST0000420072,OT
CUST0000132151,PE
CUST0000539281,YF
CUST0000142590,YF
CUST0000885214,OT
CUST0000374744,YA
CUST0000810379,OT
CUST0000675797,PE
CUST0000428465,YA
CUST0000913995,YA
CUST0000784004,OT
CUST0000106639,
CUST0000571830,OT
CUST0000057417,OT
CUST0000962337,OA
CUST0000744271,YA
CUST0000959332,PE
CUST0000077708,YF
CUST0000814656,YF
CUST0000941865,OT
CUST0000049880,OA
CUST0000473868,OT
CUST0000693928,YA
CUST0000493531,YF
CUST0000535175,OT
CUST0000473526,OA
CUST0000764077,OT
CUST0000342959,YF
CUST0000298408,YA
CUST0000946591,OA
CUST0000487322,OA
CUST0000292032,YA
CUST0000474951,YA
CUST0000249670,
CUST0000491958,YF
CUST0000882821,OT
CUST0000628533,
CUST0000573884,OF
CUST0000901687,OF
CUST0000687290,OT
CUST0000139484,OF
CUST0000925379,OT
CUST0000749956,YF
CUST0000708577,YA
CUST0000425467,
CUST0000797753,
CUST0000033395,OT
CUST0000569300,OT
CUST0000919241,OA
CUST0000977889,
CUST0000646378,PE
CUST0000463293,OT
CUST0000636231,
CUST0000693465,OT
CUST0000193010,OT
CUST0000151825,OT
CUST0000782631,YF
CUST0000592884,YF
CUST0000538028,
CUST0000758911,YA
CUST0000923667,OA
CUST0000975272,
CUST0000457990,OA
CUST0000052765,YA
CUST0000536304,YA
CUST0000680311,
CUST0000594351,OT
CUST0000974297,OA
CUST0000207778,OT
CUST0000104035,OT
CUST0000996270,YF
CUST0000293597,YF
CUST0000023618,YA
CUST0000636345,YF
CUST0000181525,OA
CUST0000538613,YA
CUST0000367460,
CUST0000297521,OT
CUST0000486332,YA
CUST0000529423,
CUST0000321957,OT
CUST0000541290,OA
CUST0000805533,OT
CUST0000191339,
CUST0000846201,YA
CUST0000454102,OT
CUST0000731413,YA
CUST0000780835,YF
CUST0000085435,YF
CUST0000846163,YF
CUST0000058634,
CUST0000797755,YF
CUST0000531824,YF
CUST0000664457,OT
CUST0000973965,OF
CUST0000211064,YA
CUST0000376367,OA
CUST0000894937,OT
CUST0000872900,
CUST0000815801,PE
CUST0000782246,YF
CUST0000048320,OT
CUST0000453780,OA
CUST0000631712,YF
CUST0000214716,OT
CUST0000989268,YA
CUST0000104986,PE
CUST0000699742,YF
CUST0000381350,YA
CUST0000375659,OT
CUST0000170672,PE
CUST0000926667,YF
CUST0000077294,OA
CUST0000608511,OA
CUST0000433962,OF
CUST0000536902,OA
CUST0000220595,OT
CUST0000058875,OT
CUST0000138774,YF
CUST0000944418,YA
CUST0000827064,OT
CUST0000501747,OA
CUST0000696106,OT
CUST0000586284,YF
CUST0000302355,
CUST0000893636,YA
CUST0000657924,OF
CUST0000346251,YF
CUST0000258658,YA
CUST0000863879,OT
CUST0000296291,PE
CUST0000603688,
CUST0000088309,
CUST0000584930,
CUST0000856617,YF
CUST0000327274,OA
CUST0000356067,YF
CUST0000322183,OT
CUST0000473962,OT
CUST0000307236,OT
CUST0000912429,OT
CUST0000566977,OT
CUST0000981826,OT
CUST0000007988,OF
CUST0000756628,OT
CUST0000990044,PE
CUST0000531741,OT
CUST0000624842,OT
CUST0000239699,PE
CUST0000371191,OA
CUST0000295167,OT
CUST0000480643,YA
CUST0000096346,YA
CUST0000962041,PE
CUST0000503973,OF
CUST0000367454,OT
CUST0000767525,YA
CUST0000161994,YF
CUST0000887195,OT
CUST0000167262,YA
CUST0000691264,OT
CUST0000589596,OA
CUST0000180856,
CUST0000885800,OA
CUST0000295901,YA
CUST0000438072,OF
CUST0000014549,OA
CUST0000478905,YA
CUST0000179746,PE
CUST0000757203,YF
CUST0000359521,OA
CUST0000744976,OA
CUST0000758105,OF
CUST0000102015,OT
CUST0000717337,OT
CUST0000035935,OT
CUST0000231131,YF
CUST0000359197,YF
CUST0000794930,OT
CUST0000277064,
CUST0000950918,OA
CUST0000822088,PE
CUST0000727862,OT
CUST0000076243,YF
CUST0000680928,YF
CUST0000329411,PE
CUST0000629332,OA
CUST0000979243,YA
CUST0000465439,
CUST0000497560,YA
CUST0000601102,OT
CUST0000314496,PE
CUST0000989318,OT
CUST0000572321,YA
CUST0000388176,
CUST0000063939,
CUST0000658490,OT
CUST0000084449,OT
CUST0000578851,
CUST0000679894,YF
CUST0000401763,OT
CUST0000456966,OT
CUST0000241252,
CUST0000060800,
CUST0000366661,YF
CUST0000434714,OT
CUST0000860999,OF
CUST0000022814,OT
CUST0000847458,OT
CUST0000047548,YA
CUST0000783946,OA
CUST0000616650,OT
CUST0000503994,YF
CUST0000485331,YF
CUST0000610089,PE
CUST0000953220,OT
CUST0000696692,OT
CUST0000490625,YF
CUST0000765586,OA
CUST0000521560,YA
CUST0000086768,YA
CUST0000246949,OT
CUST0000454947,OA
CUST0000497325,YA
CUST0000687717,YA
CUST0000397821,OT
CUST0000156198,OA
CUST0000526081,OT
CUST0000127498,OA
CUST0000400134,OT
CUST0000225754,OA
CUST0000062780,OA
CUST0000659723,YA
CUST0000846460,OT
CUST0000256243,PE
CUST0000926130,
CUST0000228256,OT
CUST0000115390,YA
CUST0000105720,OA
CUST0000575003,OT
CUST0000784006,PE
CUST0000572442,OA
CUST0000869536,OA
CUST0000992313,OF
CUST0000862094,YA
CUST0000957318,YA
CUST0000465054,
CUST0000768393,YF
CUST0000813194,PE
CUST0000762907,YA
CUST0000244654,OT
CUST0000858503,
CUST0000080372,OT
CUST0000853841,PE
CUST0000016975,OT
CUST0000324362,YA
CUST0000055064,YA
CUST0000376598,PE
CUST0000888005,OT
CUST0000264079,YA
CUST0000846113,OT
CUST0000812379,YA
CUST0000088955,YA
CUST0000240228,YA
CUST0000195975,YA
CUST0000090508,YF
CUST0000730173,OT
CUST0000335650,YF
CUST0000820324,OA
CUST0000997627,YA
CUST0000208533,YF
CUST0000344295,YF
CUST0000413197,OF
CUST0000589449,OT
CUST0000264835,YF
CUST0000158972,OT
CUST0000043076,OT
CUST0000048286,YF
CUST0000813105,
CUST0000120088,YF
CUST0000510147,OA
CUST0000763608,OT
CUST0000558880,YF
CUST0000677070,YF
CUST0000788111,
CUST0000832283,OT
CUST0000815318,OT
CUST0000771758,PE
CUST0000229117,YF
CUST0000088575,OT
CUST0000623303,OT
CUST0000092645,YA
CUST0000619787,PE
CUST0000169887,
CUST0000772617,YA
CUST0000098337,OT
CUST0000352075,
CUST0000659863,OT
CUST0000816072,OA
CUST0000817082,YF
CUST0000741143,OT
CUST0000203993,YA
CUST0000634671,
CUST0000881364,OA
CUST0000975940,OF
CUST0000960424,OT
CUST0000287937,OT
CUST0000908384,
CUST0000101185,OA
CUST0000254439,YA
CUST0000445045,YF
CUST0000467424,YF
CUST0000255714,OA
CUST0000265274,YA
CUST0000834065,YF
CUST0000640297,OT
CUST0000362641,YF
CUST0000841039,OA
CUST0000149372,YF
CUST0000741765,YA
CUST0000308627,OT
CUST0000393495,OA
CUST0000157823,YF
CUST0000313963,OA
CUST0000054749,YA
CUST0000872127,YF
CUST0000158544,PE
CUST0000201801,OT
CUST0000407072,OA
CUST0000440403,YF
CUST0000843662,PE
CUST0000530406,YF
CUST0000268127,YF
CUST0000272023,OA
CUST0000300829,YA
CUST0000166295,YF
CUST0000312428,OA
CUST0000275903,OT
CUST0000084849,OA
CUST0000259182,
CUST0000781005,YA
CUST0000446741,YF
CUST0000893325,OT
CUST0000083700,YF
CUST0000642434,OT
CUST0000231774,PE
CUST0000797094,YA
CUST0000001962,OT
CUST0000602654,YF
CUST0000439727,OT
CUST0000106420,OT
CUST0000385012,PE
CUST0000419849,OT
CUST0000416207,YA
CUST0000398784,OA
CUST0000319945,PE
CUST0000876191,PE
CUST0000896754,OT
CUST0000902888,OT
CUST0000826107,YA
CUST0000896986,OA
CUST0000885376,OT
CUST0000415655,OT
CUST0000145363,YA
CUST0000793310,YF
CUST0000375691,OT
CUST0000362478,
CUST0000513226,
CUST0000761005,
CUST0000609232,YF
CUST0000724208,OT
CUST0000178603,YF
CUST0000570249,
CUST0000895836,YF
CUST0000148783,
CUST0000190174,
CUST0000466497,OT
CUST0000621860,PE
CUST0000081255,OA
CUST0000236697,OT
CUST0000817991,OA
CUST0000611134,YA
CUST0000166122,OA
CUST0000438192,OF
CUST0000253573,OA
CUST0000754664,OT
CUST0000216317,YA
CUST0000622126,
CUST0000557099,YF
CUST0000467422,YA
CUST0000766193,
CUST0000080630,YF
CUST0000199355,OT
CUST0000658739,
CUST0000612371,
CUST0000235758,OT
CUST0000003347,OA
CUST0000840360,OT
CUST0000346601,YF
CUST0000088232,YA
CUST0000046097,OT
CUST0000483138,
CUST0000040366,YA
CUST0000213425,OT
CUST0000639530,OT
CUST0000902490,YF
CUST0000775212,OT
CUST0000240277,OT
CUST0000667131,OT
CUST0000519024,OA
CUST0000092187,YA
CUST0000282214,OT
CUST0000568148,OA
CUST0000200917,OA
CUST0000550895,OA
CUST0000969123,OF
CUST0000316692,YF
CUST0000113788,OA
CUST0000556279,YF
CUST0000377973,
CUST0000742968,OT
CUST0000218237,PE
CUST0000305191,YF
CUST0000133579,OF
CUST0000717840,OT
CUST0000814766,OA
CUST0000402237,
CUST0000919826,OA
CUST0000558202,OT
CUST0000109639,OT
CUST0000345094,YF
CUST0000654017,OT
CUST0000890414,OA
CUST0000828166,YF
CUST0000669277,OT
CUST0000498770,OT
CUST0000575954,YF
CUST0000545294,OT
CUST0000348467,
CUST0000020571,YF
CUST0000807919,OT
CUST0000347503,
CUST0000525866,
CUST0000428608,OT
CUST0000105652,OT
CUST0000212216,
CUST0000760115,OF
CUST0000838258,YA
CUST0000933215,OA
CUST0000356605,YA
CUST0000985022,OT
CUST0000884200,YA
CUST0000160456,OF
CUST0000887296,YA
CUST0000150282,OA
CUST0000558339,
CUST0000013075,YF
CUST0000011068,PE
CUST0000637084,OT
CUST0000497628,OT
CUST0000444791,YA
CUST0000917454,OT
CUST0000724424,PE
CUST0000551617,PE
CUST0000329724,OT
CUST0000079207,OT
CUST0000176081,OT
CUST0000238212,OT
CUST0000362601,PE
CUST0000595380,YF
CUST0000575098,OT
CUST0000523249,YA
CUST0000823257,YA
CUST0000946821,YA
CUST0000631856,OT
CUST0000238956,OF
CUST0000467095,PE
CUST0000861456,OF
CUST0000265367,YA
CUST0000364760,
CUST0000197152,OA
CUST0000442461,YA
CUST0000238658,
CUST0000265416,
CUST0000008910,YA
CUST0000160306,PE
CUST0000701603,YA
CUST0000276942,OT
CUST0000915470,YA
CUST0000411707,OT
CUST0000614278,YA
CUST0000263870,
CUST0000494754,OT
CUST0000780958,PE
CUST0000144071,OA
CUST0000759949,OA
CUST0000231364,OT
CUST0000544286,
CUST0000120453,YA
CUST0000633407,YF
CUST0000030585,OT
CUST0000576558,OT
CUST0000408901,OT
CUST0000831162,YF
CUST0000348123,PE
CUST0000558163,OT
CUST0000813108,
CUST0000919512,OF
CUST0000260697,
CUST0000179481,OT
CUST0000650694,OT
CUST0000662876,
CUST0000394724,OA
CUST0000732836,YF
CUST0000566691,YA
CUST0000502858,YA
CUST0000038793,YA
CUST0000603604,OA
CUST0000507681,YA
CUST0000727215,OA
CUST0000156718,YA
CUST0000851905,YF
CUST0000527105,YF
CUST0000859140,YF
CUST0000616718,PE
CUST0000783073,OA
CUST0000744787,OF
CUST0000096239,YA
CUST0000517351,YA
CUST0000407130,YF
CUST0000045979,OT
CUST0000394930,YA
CUST0000830529,YF
CUST0000261775,OT
CUST0000935509,PE
CUST0000372856,YA
CUST0000210083,
CUST0000047027,
CUST0000461309,YF
CUST0000899340,YA
CUST0000586811,OT
CUST0000934795,YA
CUST0000967288,
CUST0000223725,PE
CUST0000840438,YA
CUST0000829333,YA
CUST0000055829,OT
CUST0000016376,OT
CUST0000169890,
CUST0000158354,OA
CUST0000744854,OT
CUST0000156208,OT
CUST0000174543,PE
CUST0000805881,YF
CUST0000713874,
CUST0000400898,OT
CUST0000699414,PE
CUST0000214363,OA
CUST0000282917,YF
CUST0000714089,YA
CUST0000526506,YA
CUST0000430659,PE
CUST0000874794,YA
CUST0000832339,OT
CUST0000644632,OA
CUST0000693014,OT
CUST0000205301,YF
CUST0000359289,OA
CUST0000921321,YA
CUST0000894063,OT
CUST0000555247,OA
CUST0000905114,OT
CUST0000542772,YA
CUST0000298951,
CUST0000752715,
CUST0000274139,
CUST0000502064,YF
CUST0000291884,OF
CUST0000654492,
CUST0000244418,OT
CUST0000209051,YA
CUST0000460717,OT
CUST0000610595,
CUST0000069011,OA
CUST0000537313,OT
CUST0000808474,
CUST0000968749,YF
CUST0000558717,OT
CUST0000359417,YF
CUST0000088415,OF
CUST0000273930,OT
CUST0000231675,OT
CUST0000776068,YA
CUST0000843130,PE
CUST0000031428,YA
CUST0000154091,OT
CUST0000679706,YF
CUST0000376140,YF
CUST0000658589,YA
CUST0000930504,OA
CUST0000836503,PE
CUST0000131635,
CUST0000671085,OF
CUST0000365429,OA
CUST0000772608,PE
CUST0000427023,
CUST0000127124,PE
CUST0000287867,
CUST0000955744,YF
CUST0000746359,OA
CUST0000446480,YF
CUST0000698770,OT
CUST0000527535,YA
CUST0000033304,OA
CUST0000843677,OT
CUST0000262704,OT
CUST0000225213,PE
CUST0000598011,
CUST0000003190,OA
CUST0000470597,
CUST0000996154,OT
CUST0000204216,
CUST0000905609,OT
CUST0000426107,OT
CUST0000449701,OT
CUST0000676446,OT
CUST0000778224,YF
CUST0000082456,OT
CUST0000759792,YA
CUST0000550948,YA
CUST0000099026,OT
CUST0000356057,OT
CUST0000232172,
CUST0000688872,OT
CUST0000949264,OA
CUST0000001392,OT
CUST0000772370,
CUST0000752500,YF
CUST0000822315,YA
CUST0000112467,OF
CUST0000088073,
CUST0000520373,OA
CUST0000332030,OF
CUST0000327940,OF
CUST0000335542,YF
CUST0000468686,YF
CUST0000511779,YF
CUST0000730614,PE
CUST0000439279,OT
CUST0000848021,OT
CUST0000162773,OT
CUST0000265147,YF
CUST0000519294,OF
CUST0000218587,OA
CUST0000433392,OA
CUST0000821622,YA
CUST0000332689,OA
CUST0000521233,OT
CUST0000864535,YF
CUST0000594701,YF
CUST0000963329,PE
CUST0000683554,YA
CUST0000588654,OT
CUST0000737119,YF
CUST0000307323,OA
CUST0000397540,PE
CUST0000053659,YA
CUST0000744374,
CUST0000425522,YA
CUST0000029587,YA
CUST0000870644,OT
CUST0000706915,OT
CUST0000366265,PE
CUST0000634784,OA
CUST0000456991,OT
CUST0000252228,PE
CUST0000242953,OT
CUST0000225324,OA
CUST0000623415,
CUST0000759771,OA
CUST0000903414,OT
CUST0000909540,OT
CUST0000435377,YA
CUST0000011647,YF
CUST0000520456,YF
CUST0000813604,OT
CUST0000915965,YF
CUST0000705251,OA
CUST0000267213,YF
CUST0000043090,OT
CUST0000357083,OF
CUST0000182916,OT
CUST0000882972,OT
CUST0000376193,
CUST0000659646,OT
CUST0000734005,YF
CUST0000707553,
CUST0000454041,OT
CUST0000049591,OT
CUST0000989488,YA
CUST0000221361,
CUST0000439615,OT
CUST0000459283,YA
CUST0000543889,OT
CUST0000425882,OT
CUST0000665835,PE
CUST0000529677,OT
CUST0000199346,YA
CUST0000412928,OA
CUST0000279958,OA
CUST0000901719,YF
CUST0000788616,YF
CUST0000338613,OT
CUST0000267204,YA
CUST0000615362,YA
CUST0000253529,OA
CUST0000353938,OT
CUST0000733209,OA
CUST0000977551,OF
CUST0000724190,OF
CUST0000403640,PE
CUST0000149331,OT
CUST0000467493,OT
CUST0000081683,OA
CUST0000195874,YF
CUST0000699276,OT
CUST0000848462,OF
CUST0000467219,OT
CUST0000722982,YA
CUST0000680983,OT
CUST0000067158,OT
CUST0000032697,OT
CUST0000872220,OT
CUST0000984963,OT
CUST0000793540,OT
CUST0000293131,OA
CUST0000133938,OT
CUST0000125421,PE
CUST0000892723,
CUST0000319316,PE
CUST0000446407,OT
CUST0000882989,YF
CUST0000924696,OT
CUST0000836007,OA
CUST0000365930,YF
CUST0000041920,OT
CUST0000327293,OT
CUST0000694372,OT
CUST0000106871,YF
CUST0000706303,OT
CUST0000743676,YF
CUST0000655620,OT
CUST0000971991,YA
CUST0000603403,OT
CUST0000783429,OA
CUST0000434868,YF
CUST0000655152,OT
CUST0000180434,OA
CUST0000115101,
CUST0000863873,OT
CUST0000358723,YA
CUST0000528846,YF
CUST0000655015,OT
CUST0000173929,OA
CUST0000535362,OT
CUST0000812101,OA
CUST0000176102,OA
CUST0000860648,OT
CUST0000751821,YA
CUST0000003447,OT
CUST0000643072,PE
CUST0000474286,YF
CUST0000206035,OT
CUST0000692687,
CUST0000748625,
CUST0000733029,PE
CUST0000638436,YA
CUST0000665019,OT
CUST0000037542,
CUST0000540703,OA
CUST0000097252,OT
CUST0000899988,OA
CUST0000690457,YF
CUST0000219808,YF
CUST0000928411,OT
CUST0000928648,YA
CUST0000524577,OT
CUST0000513962,YF
CUST0000119198,OT
CUST0000696947,OT
CUST0000273175,OT
CUST0000011873,OT
CUST0000538370,OT
CUST0000528394,OT
CUST0000149263,OT
CUST0000355108,OT
CUST0000347842,PE
CUST0000063172,OT
CUST0000993082,OT
CUST0000314931,OA
CUST0000499553,YA
CUST0000246937,YF
CUST0000997118,OT
CUST0000737915,YF
CUST0000841880,
CUST0000951802,
CUST0000609421,OT
CUST0000917696,OA
CUST0000169257,PE
CUST0000068797,OT
CUST0000557852,OA
CUST0000248288,OT
CUST0000595675,YA
CUST0000396498,OT
CUST0000267979,YA
CUST0000373826,YF
CUST0000221017,YF
CUST0000453772,YA
CUST0000159862,OT
CUST0000730353,OA
CUST0000176004,OT
CUST0000512383,
CUST0000568930,YA
CUST0000506713,OT
CUST0000315693,YA
CUST0000818250,OA
CUST0000212223,YF
CUST0000632050,YA
CUST0000041792,OF
CUST0000554420,OT
CUST0000014942,
CUST0000004287,OT
CUST0000519097,OT
CUST0000106540,OT
CUST0000566259,OA
CUST0000239986,OT
CUST0000805089,OT
CUST0000672612,OA
CUST0000802910,YF
CUST0000004239,OT
CUST0000082206,OA
CUST0000134957,OT
CUST0000085396,YF
CUST0000167253,OT
CUST0000934065,YA
CUST0000180588,YF
CUST0000386495,YF
CUST0000959875,OT
CUST0000212519,OA
CUST0000612267,OF
CUST0000249946,PE
CUST0000104637,
CUST0000038162,YA
CUST0000396745,OT
CUST0000261261,PE
CUST0000582179,YA
CUST0000450009,
CUST0000613502,OT
CUST0000910411,OT
CUST0000528480,PE
CUST0000425541,YA
CUST0000030521,
CUST0000792272,YA
CUST0000487301,YA
CUST0000679226,
CUST0000379452,YA
CUST0000309109,
CUST0000137569,YA
CUST0000747344,PE
CUST0000014840,YF
CUST0000986591,OT
CUST0000556820,YA
CUST0000344260,
CUST0000350599,PE
CUST0000061695,PE
CUST0000026547,OT
CUST0000918984,PE
CUST0000425649,OT
CUST0000992774,
CUST0000143009,OT
CUST0000760686,YA
CUST0000187585,OT
CUST0000284343,OA
CUST0000085537,OT
CUST0000279477,OA
CUST0000479371,YA
CUST0000758238,OT
CUST0000140700,OT
CUST0000379472,
CUST0000680972,YF
CUST0000559360,
CUST0000695418,
CUST0000434228,OA
CUST0000884475,YF
CUST0000178509,YA
CUST0000497929,PE
CUST0000625484,OT
CUST0000608620,OT
CUST0000092839,YA
CUST0000458113,OT
CUST0000313976,OT
CUST0000351733,OT
CUST0000681997,YA
CUST0000398776,OT
CUST0000289277,YF
CUST0000888557,YF
CUST0000107301,OA
CUST0000027873,PE
CUST0000725068,PE
CUST0000320257,OA
CUST0000127477,
CUST0000898233,
CUST0000621772,OF
CUST0000346167,
CUST0000974546,OT
CUST0000369871,YF
CUST0000307007,YF
CUST0000221352,
CUST0000949044,PE
CUST0000222195,OA
CUST0000873567,OT
CUST0000142485,YA
CUST0000776226,OT
CUST0000076091,
CUST0000096570,PE
CUST0000289425,YF
CUST0000390762,
CUST0000915126,
CUST0000707560,OT
CUST0000703444,OT
CUST0000739370,YF
CUST0000384711,OT
CUST0000728097,OA
CUST0000200864,
CUST0000689800,OT
CUST0000620786,OT
CUST0000021007,OF
CUST0000009422,PE
CUST0000045451,OA
CUST0000605174,OA
CUST0000539609,
CUST0000295117,YA
CUST0000569812,OF
CUST0000404167,PE
CUST0000491009,PE
CUST0000999786,OT
CUST0000238866,YA
CUST0000547631,OA
CUST0000325310,YF
CUST0000953727,PE
CUST0000280679,YA
CUST0000652173,
CUST0000411122,YF
CUST0000011182,OT
CUST0000132826,PE
CUST0000110486,OT
CUST0000635984,YF
CUST0000918256,OA
CUST0000333947,OF
CUST0000041637,YA
CUST0000407911,YA
CUST0000997572,OT
CUST0000969621,OA
CUST0000925106,OT
CUST0000680051,PE
CUST0000437337,YA
CUST0000692661,YF
CUST0000726543,OT
CUST0000713060,OT
CUST0000299182,OT
CUST0000767244,OT
CUST0000258532,OT
CUST0000170376,OT
CUST0000564620,OA
CUST0000801895,PE
CUST0000585638,YA
CUST0000642242,
CUST0000350221,YF
CUST0000493248,OT
CUST0000114775,OT
CUST0000168651,OA
CUST0000874064,YA
CUST0000085180,YF
CUST0000624683,OT
CUST0000926427,OT
CUST0000817002,OT
CUST0000682212,OT
CUST0000727182,OT
CUST0000044856,OA
CUST0000697356,OT
CUST0000848953,PE
CUST0000691334,YF
CUST0000465685,PE
CUST0000219699,OT
CUST0000867599,
CUST0000249526,OA
CUST0000725480,OF
CUST0000807441,YA
CUST0000185094,OA
CUST0000672665,OT
CUST0000936104,YF
CUST0000259129,PE
CUST0000219153,PE
CUST0000391145,YF
CUST0000204102,OT
CUST0000370974,
CUST0000438964,OT
CUST0000682462,YF
CUST0000379903,PE
CUST0000477841,OT
CUST0000571697,OT
CUST0000203059,PE
CUST0000327595,YA
CUST0000688867,YA
CUST0000455765,OT
CUST0000173361,YA
CUST0000667692,YF
CUST0000453681,OT
CUST0000532004,YF
CUST0000552556,OT
CUST0000805188,
CUST0000762902,OA
CUST0000737373,OT
CUST0000092674,YA
CUST0000629569,YA
CUST0000259498,YA
CUST0000341255,YF
CUST0000689293,OT
CUST0000640069,OT
CUST0000822356,YF
CUST0000741224,
CUST0000715676,YA
CUST0000199914,OT
CUST0000358011,OT
CUST0000110508,
CUST0000647649,OT
CUST0000578260,PE
CUST0000656926,YF
CUST0000932152,
CUST0000265073,OA
CUST0000557718,OT
CUST0000777452,
CUST0000509290,PE
CUST0000773381,OT
CUST0000877805,OT
CUST0000760937,
CUST0000138450,OT
CUST0000985379,OA
CUST0000616695,
CUST0000068170,OA
CUST0000100629,YF
CUST0000642605,OA
CUST0000039202,OT
CUST0000560001,OT
CUST0000569214,YA
CUST0000710499,YA
CUST0000331413,YF
CUST0000504706,YA
CUST0000097732,OF
CUST0000208677,YA
CUST0000479335,
CUST0000186979,OT
CUST0000760436,PE
CUST0000670504,OA
CUST0000629704,YF
CUST0000556668,OT
CUST0000930519,
CUST0000507089,OF
CUST0000552912,YA
CUST0000489477,OA
CUST0000371566,OT
CUST0000446893,YA
CUST0000922993,
CUST0000292042,OT
CUST0000941365,
CUST0000048950,OT
CUST0000476309,OF
CUST0000475113,OT
CUST0000913892,OT
CUST0000808639,OT
CUST0000690721,YF
CUST0000143770,OT
CUST0000694366,YF
CUST0000348557,YF
CUST0000811661,YF
CUST0000998907,YF
CUST0000526114,
CUST0000103653,YF
CUST0000411204,OT
CUST0000994456,OT
CUST0000132213,PE
CUST0000883929,OT
CUST0000475599,OF
CUST0000960281,
CUST0000431015,OT
CUST0000537147,OA
CUST0000278741,OT
CUST0000775922,OA
CUST0000447348,YA
CUST0000904408,OA
CUST0000177911,OA
CUST0000380545,
CUST0000666276,YF
CUST0000077998,
CUST0000564400,PE
CUST0000375648,YF
CUST0000278111,OF
CUST0000872164,OF
CUST0000094763,OT
CUST0000648398,YA
CUST0000795313,OA
CUST0000665484,PE
CUST0000697443,PE
CUST0000353677,YF
CUST0000352666,OT
CUST0000248944,YA
CUST0000960214,OT
CUST0000162850,OT
CUST0000334297,OT
CUST0000312303,OT
CUST0000266580,YA
CUST0000979780,OA
CUST0000754655,OT
CUST0000081326,OT
CUST0000212016,OT
CUST0000039828,
CUST0000562306,OT
CUST0000457079,YA
CUST0000507047,OF
CUST0000717763,YA
CUST0000837409,OF
CUST0000167586,OT
CUST0000492279,YA
CUST0000337031,
CUST0000822341,OF
CUST0000228962,YF
CUST0000777454,YA
CUST0000734827,OT
CUST0000215689,
CUST0000074601,YA
CUST0000873338,OT
CUST0000922878,OA
CUST0000863656,YA
CUST0000611895,OA
CUST0000278887,
CUST0000927569,OA
CUST0000325862,OA
CUST0000588614,YA
CUST0000426571,YA
CUST0000984828,OT
CUST0000428635,OT
CUST0000676995,OA
CUST0000142549,YA
CUST0000109193,OA
CUST0000543726,YF
CUST0000253580,OT
CUST0000892890,PE
CUST0000186477,YA
CUST0000520823,YF
CUST0000053961,
CUST0000100897,OT
CUST0000142059,PE
CUST0000675844,PE
CUST0000258555,PE
CUST0000370276,YA
CUST0000191190,OT
CUST0000654184,OT
CUST0000583710,
CUST0000464945,YA
CUST0000322481,OT
CUST0000342143,OT
CUST0000692015,YF
CUST0000067841,YA
CUST0000849576,OA
CUST0000877767,OT
CUST0000504695,OT
CUST0000685886,
CUST0000828036,OT
CUST0000766908,OT
CUST0000886851,OT
CUST0000356000,PE
CUST0000579396,OT
CUST0000523118,PE
CUST0000464501,OA
CUST0000582528,OT
CUST0000497442,
CUST0000916771,OT
CUST0000417955,YF
CUST0000086516,
CUST0000589718,OA
CUST0000965765,
CUST0000530119,OT
CUST0000060410,OA
CUST0000196444,OT
CUST0000291843,OA
CUST0000328011,
CUST0000509150,OT
CUST0000239683,OA
CUST0000608508,YA
CUST0000556584,OT
CUST0000010921,YA
CUST0000798179,YF
CUST0000710421,OA
CUST0000991565,YF
CUST0000707770,PE
CUST0000101652,OT
CUST0000647120,OT
CUST0000109625,YF
CUST0000277206,YA
CUST0000403745,OT
CUST0000983323,YA
CUST0000395295,OT
CUST0000485988,YF
CUST0000215621,OT
CUST0000606400,PE
CUST0000931849,OT
CUST0000159682,OT
CUST0000561396,PE
CUST0000196452,OT
CUST0000197717,
CUST0000864359,OT
CUST0000109079,OA
CUST0000674832,OT
CUST0000607766,
CUST0000154122,OF
CUST0000554451,OF
CUST0000309078,OT
CUST0000005874,OA
CUST0000436193,OT
CUST0000611296,OF
CUST0000959483,OT
CUST0000640695,YF
CUST0000002218,PE
CUST0000661598,YA
CUST0000590174,OT
CUST0000342078,OT
CUST0000612909,OT
CUST0000655437,YF
CUST0000344976,YF
CUST0000711167,OA
CUST0000736259,
CUST0000950289,OT
CUST0000121178,
CUST0000566571,OA
CUST0000089459,YF
CUST0000452520,OA
CUST0000956375,YF
CUST0000434767,OT
CUST0000004825,
CUST0000183225,OA
CUST0000281968,OT
CUST0000163810,PE
CUST0000128804,OT
CUST0000511527,OT
CUST0000728760,YA
CUST0000206868,OT
CUST0000068730,OT
CUST0000945695,YA
CUST0000305103,OF
CUST0000997464,YF
CUST0000899795,PE
CUST0000776591,PE
CUST0000528616,OT
CUST0000098174,
CUST0000669802,YA
CUST0000981925,OF
CUST0000041142,
CUST0000225488,OT
CUST0000847557,YF
CUST0000726971,OT
CUST0000091697,OF
CUST0000689905,YA
CUST0000483902,
CUST0000740133,
CUST0000020908,OT
CUST0000240244,OT
CUST0000789574,OT
CUST0000236124,YF
CUST0000395577,YA
CUST0000605708,YF
CUST0000637566,OT
CUST0000831085,YF
CUST0000342129,OT
CUST0000415029,OA
CUST0000410228,YF
CUST0000744050,PE
CUST0000846938,OT
CUST0000449125,
CUST0000873432,OT
CUST0000165640,YF
CUST0000613769,YF
CUST0000701700,OT
CUST0000220115,YA
CUST0000183469,OT
CUST0000121684,YF
CUST0000420781,YF
CUST0000986262,PE
CUST0000927074,OA
CUST0000840789,OT
CUST0000494424,YF
CUST0000370059,YF
CUST0000178986,OT
CUST0000587521,YF
CUST0000053837,YA
CUST0000371087,OT
CUST0000444973,YF
CUST0000832937,YF
CUST0000010288,OT
CUST0000499555,YF
CUST0000293101,OT
CUST0000495431,OT
CUST0000961436,YF
CUST0000240651,YF
CUST0000459055,OT
CUST0000460983,OT
CUST0000548056,YF
CUST0000803065,YF
CUST0000567162,YF
CUST0000651261,OT
CUST0000958098,YF
CUST0000889188,OT
CUST0000872856,YF
CUST0000942820,YF
CUST0000790691,OF
CUST0000340895,YA
CUST0000241254,OA
CUST0000629728,
CUST0000197177,YA
CUST0000005388,YA
CUST0000199773,OA
CUST0000797024,PE
CUST0000180023,OT
CUST0000018390,OT
CUST0000172994,
CUST0000453050,OT
CUST0000656457,OT
CUST0000571445,YA
CUST0000724321,YF
CUST0000339117,YA
CUST0000498948,YF
CUST0000468282,OA
CUST0000971672,OT
CUST0000580999,YA
CUST0000403048,OA
CUST0000715047,YA
CUST0000012357,YF
CUST0000309104,OT
CUST0000668226,PE
CUST0000150333,
CUST0000746165,YA
CUST0000541791,OT
CUST0000796363,OT
CUST0000464922,OT
CUST0000962125,OA
CUST0000938180,OT
CUST0000551656,
CUST0000841571,YF
CUST0000678184,OT
CUST0000790937,
CUST0000463736,OF
CUST0000126750,OT
CUST0000041397,YA
CUST0000187916,YF
CUST0000628056,OF
CUST0000390823,OT
CUST0000080301,OT
CUST0000363059,OA
CUST0000232876,YA
CUST0000403403,YA
CUST0000744624,YA
CUST0000912008,OT
CUST0000372501,YA
CUST0000177622,OT
CUST0000646796,OT
CUST0000450385,YA
CUST0000725670,YF
CUST0000913077,OT
CUST0000325897,OA
CUST0000283740,OA
CUST0000402650,PE
CUST0000301586,OA
CUST0000046594,YA
CUST0000388652,OT
CUST0000018943,OT
CUST0000611695,
CUST0000724854,OT
CUST0000112178,OT
CUST0000762485,YF
CUST0000747426,YA
CUST0000345364,PE
CUST0000855770,OT
CUST0000364085,YF
CUST0000101162,PE
CUST0000583655,OT
CUST0000131491,YA
CUST0000248231,OT
CUST0000079114,OA
CUST0000975676,OT
CUST0000930705,YF
CUST0000513103,OT
CUST0000650784,OT
CUST0000694856,OT
CUST0000509602,PE
CUST0000520415,OA
CUST0000684245,YA
CUST0000805509,OT
CUST0000771531,YF
CUST0000605341,YF
CUST0000573349,OF
CUST0000224516,YA
CUST0000807225,YF
CUST0000193773,YF
CUST0000326711,OT
CUST0000158853,YA
CUST0000582166,OT
CUST0000978270,OT
CUST0000138580,OA
CUST0000028109,YA
CUST0000278821,OA
CUST0000848476,OT
CUST0000566419,OT
CUST0000206542,PE
CUST0000950748,YA
CUST0000652579,OT
CUST0000230291,YA
CUST0000224524,OF
CUST0000242508,OA
CUST0000349561,OA
CUST0000873299,OT
CUST0000780146,YA
CUST0000548606,OT
CUST0000423458,
CUST0000378373,YA
CUST0000822468,OA
CUST0000900530,YF
CUST0000620035,YA
CUST0000026911,OT
CUST0000793321,OF
CUST0000149716,YF
CUST0000425586,OT
CUST0000145809,YF
CUST0000385231,
CUST0000436526,OT
CUST0000856838,
CUST0000177901,OT
CUST0000004457,YF
CUST0000841684,OT
CUST0000275005,
CUST0000898874,OT
CUST0000795954,
CUST0000579771,YF
CUST0000197150,YA
CUST0000514177,OA
CUST0000385376,OT
CUST0000263844,YF
CUST0000374392,YA
CUST0000448659,YA
CUST0000839847,PE
CUST0000645660,OT
CUST0000749264,YF
CUST0000615829,YA
CUST0000547762,
CUST0000888718,PE
CUST0000048357,OT
CUST0000217478,YF
CUST0000006394,YA
CUST0000245750,
CUST0000785611,YA
CUST0000079529,
CUST0000303410,YF
CUST0000739208,OT
CUST0000780652,OA
CUST0000088853,OT
CUST0000742196,YF
CUST0000650230,OT
CUST0000987542,OA
CUST0000834512,
CUST0000380492,
CUST0000838103,OA
CUST0000326092,YA
CUST0000410118,
CUST0000429946,OA
CUST0000314465,
CUST0000195772,OT
CUST0000505126,YF
CUST0000991195,
CUST0000160729,OT
CUST0000320138,YF
CUST0000693737,YF
CUST0000109188,OT
CUST0000907594,OA
CUST0000471643,YF
CUST0000872593,OT
CUST0000885962,YF
CUST0000291108,YF
CUST0000175019,YF
CUST0000700591,OT
CUST0000978286,OT
CUST0000535082,PE
CUST0000752874,YF
CUST0000029326,YA
CUST0000876251,YF
CUST0000558394,
CUST0000211673,
CUST0000307406,OT
CUST0000767141,YA
CUST0000781190,YA
CUST0000793465,YA
CUST0000008483,OA
CUST0000639430,YA
CUST0000258756,OA
CUST0000144313,YF
CUST0000969050,YA
CUST0000081993,YA
CUST0000920466,OA
CUST0000744571,YF
CUST0000690481,OA
CUST0000950812,
CUST0000358608,YF
CUST0000151178,YA
CUST0000896186,PE
CUST0000535926,OT
CUST0000478065,YA
CUST0000699850,
CUST0000712948,YA
CUST0000050344,YF
CUST0000304922,OT
CUST0000631445,OA
CUST0000834937,OT
CUST0000327218,
CUST0000947010,OA
CUST0000658225,YF
CUST0000233658,YA
CUST0000554500,
CUST0000644004,
CUST0000734039,PE
CUST0000288662,OT
CUST0000959598,OT
CUST0000019629,YF
CUST0000812179,OT
CUST0000820108,YF
CUST0000846079,OT
CUST0000841576,OF
CUST0000541126,PE
CUST0000898601,PE
CUST0000703687,
CUST0000065468,PE
CUST0000835559,YF
CUST0000193183,OT
CUST0000452696,OT
CUST0000844115,PE
CUST0000474333,OT
CUST0000886084,OT
CUST0000220331,YF
CUST0000848123,OT
CUST0000911790,
CUST0000519570,PE
CUST0000524835,
CUST0000378500,YA
CUST0000555929,OT
CUST0000825584,YF
CUST0000492656,YF
CUST0000168088,OT
CUST0000681227,YA
CUST0000889467,OT
CUST0000851982,YF
CUST0000508514,OF
CUST0000111673,YF
CUST0000037746,OT
CUST0000597294,YF
CUST0000087850,OT
CUST0000623394,YF
CUST0000635153,OT
CUST0000244450,
CUST0000647016,OT
CUST0000864065,OF
CUST0000081357,OT
CUST0000932899,OT
CUST0000595767,OT
CUST0000042921,OA
CUST0000543856,YA
CUST0000282515,OA
CUST0000041315,OA
CUST0000861189,YF
CUST0000464421,OT
CUST0000444515,OA
CUST0000137876,YF
CUST0000326043,YA
CUST0000136982,PE
CUST0000359752,
CUST0000703259,OA
CUST0000905703,YA
CUST0000342503,OT
CUST0000495995,OT
CUST0000413161,
CUST0000693113,OT
CUST0000481090,YA
CUST0000642103,OA
CUST0000329314,OT
CUST0000530129,OT
CUST0000974519,PE
CUST0000757309,OA
CUST0000156209,
CUST0000611953,OF
CUST0000714746,
CUST0000202837,OA
CUST0000976866,YF
CUST0000615196,OT
CUST0000162230,OF
CUST0000050331,YA
CUST0000326328,OT
CUST0000176637,PE
CUST0000673256,OT
CUST0000680689,OA
CUST0000380249,OT
CUST0000410526,PE
CUST0000479155,OT
CUST0000255660,OT
CUST0000055381,YF
CUST0000379952,YA
CUST0000280694,OA
CUST0000987265,
CUST0000967657,YF
CUST0000711368,OT
CUST0000610573,OT
CUST0000204018,
CUST0000544452,OT
CUST0000947233,OT
CUST0000484967,PE
CUST0000582126,OT
CUST0000413598,YA
CUST0000469026,YA
CUST0000048202,YA
CUST0000179329,YF
CUST0000953363,OT
CUST0000883034,OT
CUST0000551973,YA
CUST0000784973,OT
CUST0000423539,YA
CUST0000674767,OT
CUST0000082523,PE
CUST0000480003,PE
CUST0000541662,OT
CUST0000720348,OT
CUST0000412087,OT
CUST0000267396,OA
CUST0000186827,OT
CUST0000399733,YA
CUST0000502098,OT
CUST0000692485,YF
CUST0000592165,YF
CUST0000661833,OT
CUST0000409627,YF
CUST0000347438,YF
CUST0000770451,OT
CUST0000858321,OT
CUST0000657423,YF
CUST0000425566,PE
CUST0000036792,PE
CUST0000391382,YF
CUST0000925002,OT
CUST0000640304,YA
CUST0000655617,YA
CUST0000928550,
CUST0000352556,OT
CUST0000143092,OT
CUST0000463400,PE
CUST0000352169,OA
CUST0000111137,
CUST0000326875,PE
CUST0000273560,OA
CUST0000350521,OT
CUST0000536421,
CUST0000469479,YF
CUST0000887683,OT
CUST0000557898,OT
CUST0000100955,OA
CUST0000303966,OT
CUST0000890280,YA
CUST0000125006,OT
CUST0000456220,
CUST0000738098,
CUST0000986165,YA
CUST0000075112,OT
CUST0000867394,OA
CUST0000517624,OA
CUST0000313011,YF
CUST0000598026,OF
CUST0000029233,YF
CUST0000333211,YA
CUST0000565865,OA
CUST0000569835,OT
CUST0000835723,OT
CUST0000541287,YF
CUST0000689627,OT
CUST0000959307,YF
CUST0000329123,
CUST0000062946,YF
CUST0000965784,OT
CUST0000212869,OA
CUST0000491244,YF
CUST0000166674,YF
CUST0000388585,
CUST0000395515,OA
CUST0000867298,
CUST0000690430,OT
CUST0000711788,
CUST0000296204,YA
CUST0000912430,YA
CUST0000918050,YF
CUST0000189657,PE
CUST0000959416,OA
CUST0000002245,OT
CUST0000078020,PE
CUST0000646727,
CUST0000721930,OT
CUST0000474829,OT
CUST0000639926,OF
CUST0000520619,PE
CUST0000377813,YA
CUST0000154719,OA
CUST0000835673,YA
CUST0000995062,OT
CUST0000162434,OT
CUST0000953795,YA
CUST0000199229,OT
CUST0000367221,
CUST0000877965,YA
CUST0000654686,
CUST0000501369,PE
CUST0000051975,PE
CUST0000341319,OT
CUST0000692088,OT
CUST0000423947,OT
CUST0000095739,OT
CUST0000040819,YF
CUST0000802534,OF
CUST0000186240,YF
CUST0000074341,OA
CUST0000830424,OA
CUST0000785769,OT
CUST0000830044,
CUST0000456286,YA
CUST0000114492,OA
CUST0000523142,
CUST0000425966,YA
CUST0000519981,YA
CUST0000781259,YF
CUST0000183348,YF
CUST0000223188,PE
CUST0000507862,OF
CUST0000121998,PE
CUST0000646402,PE
CUST0000149344,YA
CUST0000662970,
CUST0000944384,OA
CUST0000206442,OA
CUST0000898386,OT
CUST0000016305,YF
CUST0000889681,OT
CUST0000214748,OF
CUST0000211047,OA
CUST0000744645,YA
CUST0000227013,YF
CUST0000487603,OT
CUST0000721845,YA
CUST0000169058,OT
CUST0000149077,OT
CUST0000320034,OA
CUST0000583524,OT
CUST0000880352,OT
CUST0000861461,OA
CUST0000603536,OT
CUST0000147274,OT
CUST0000958177,OT
CUST0000869882,OF
CUST0000568818,
CUST0000648182,
CUST0000937299,PE
CUST0000199788,YA
CUST0000694395,OT
CUST0000588827,YA
CUST0000727833,OT
CUST0000174325,YF
CUST0000694237,OT
CUST0000507386,YF
CUST0000709486,YA
CUST0000217297,YF
CUST0000343056,YF
CUST0000365449,OT
CUST0000042324,
CUST0000548875,YA
CUST0000010532,OA
CUST0000142047,
CUST0000797664,OT
CUST0000930601,OT
CUST0000246094,
CUST0000164214,OT
CUST0000951065,OA
CUST0000548473,YA
CUST0000627983,YF
CUST0000834066,YF
CUST0000756805,OF
CUST0000766169,YA
CUST0000346556,OT
CUST0000229424,OT
CUST0000557384,YA
CUST0000647381,OT
CUST0000240308,YF
CUST0000693232,YF
CUST0000956261,YA
CUST0000542234,YF
CUST0000060847,OA
CUST0000038061,OA
CUST0000048091,YF
CUST0000192514,YA
CUST0000740028,PE
CUST0000393615,OT
CUST0000300328,YF
CUST0000462108,OT
CUST0000187832,OT
CUST0000840136,YA
CUST0000918059,OA
CUST0000593365,OT
CUST0000310870,OT
CUST0000087833,OA
CUST0000225331,OT
CUST0000840138,OA
CUST0000654095,OT
CUST0000673736,OT
CUST0000314165,YF
CUST0000273521,OT
CUST0000015843,YA
CUST0000414892,PE
CUST0000552095,OA
CUST0000332983,YF
CUST0000930426,OT
CUST0000341306,OA
CUST0000508390,YA
CUST0000072578,PE
CUST0000650810,OA
CUST0000090072,OT
CUST0000001052,PE
CUST0000092460,YA
CUST0000901727,OT
CUST0000015949,OA
CUST0000120536,OT
CUST0000954371,OF
CUST0000902878,YA
CUST0000536710,YF
CUST0000072800,OA
CUST0000524542,OT
CUST0000157162,OT
CUST0000803009,OT
CUST0000256837,YA
CUST0000154778,PE
CUST0000654951,PE
CUST0000140947,OA
CUST0000179817,OA
CUST0000508632,OA
CUST0000086940,OT
CUST0000153789,OA
CUST0000229327,YF
CUST0000476769,OT
CUST0000853563,
CUST0000212148,OT
CUST0000122425,OA
CUST0000750072,OT
CUST0000257902,
CUST0000189276,OT
CUST0000398567,YA
CUST0000062146,YA
CUST0000244913,YF
CUST0000040788,YA
CUST0000708550,PE
CUST0000599366,OT
CUST0000938527,YA
CUST0000558367,YF
CUST0000166268,YA
CUST0000046755,
CUST0000785475,OT
CUST0000348775,YA
CUST0000490071,
CUST0000017545,OA
CUST0000822549,OT
CUST0000102383,YA
CUST0000902596,YA
CUST0000963716,OT
CUST0000259680,PE
CUST0000128997,YA
CUST0000258842,YA
CUST0000225582,OT
CUST0000985355,OT
CUST0000456347,YF
CUST0000920638,PE
CUST0000063103,
CUST0000774006,
CUST0000835390,
CUST0000348054,YA
CUST0000874452,OT
CUST0000364544,OT
CUST0000642749,YA
CUST0000826238,YA
CUST0000261175,
CUST0000061162,PE
CUST0000497338,OA
CUST0000177169,
CUST0000120214,OT
CUST0000726888,YA
CUST0000520937,PE
CUST0000722790,
CUST0000787465,
CUST0000886425,
CUST0000682663,OT
CUST0000062891,
CUST0000446479,OT
CUST0000228941,OA
CUST0000696851,YF
CUST0000122093,PE
CUST0000043417,PE
CUST0000102869,OT
CUST0000984094,PE
CUST0000154806,OA
CUST0000326357,YA
CUST0000306168,PE
CUST0000697113,OT
CUST0000943524,PE
CUST0000590653,YF
CUST0000386711,OA
CUST0000730199,
CUST0000865834,YA
CUST0000403381,OT
CUST0000071264,
CUST0000426328,PE
CUST0000772274,YF
CUST0000808041,OF
CUST0000764276,YF
CUST0000789075,YF
CUST0000302781,OT
CUST0000677237,
CUST0000115629,OT
CUST0000794432,OA
CUST0000154831,OA
CUST0000393547,OT
CUST0000458243,
CUST0000521438,OA
CUST0000349837,OT
CUST0000371354,YF
CUST0000246921,OT
CUST0000641059,OT
CUST0000198011,OA
CUST0000296012,OA
CUST0000552149,OT
CUST0000290774,YA
CUST0000201981,PE
CUST0000430124,YF
CUST0000201287,OT
CUST0000223968,YF
CUST0000261258,YA
CUST0000366585,OT
CUST0000049621,YF
CUST0000500474,PE
CUST0000848908,OT
CUST0000950087,YF
CUST0000761326,YF
CUST0000140438,YA
CUST0000195740,OT
CUST0000874276,OF
CUST0000246289,PE
CUST0000873031,OT
CUST0000971298,YA
CUST0000954589,OA
CUST0000019337,OT
CUST0000514601,OT
CUST0000669138,YF
CUST0000787036,OT
CUST0000520652,OT
CUST0000948955,OF
CUST0000866869,YF
CUST0000763659,OT
CUST0000291957,YF
CUST0000418743,OT
CUST0000468430,OT
CUST0000730476,OT
CUST0000915794,OT
CUST0000196385,YA
CUST0000674288,YF
CUST0000366612,YF
CUST0000670736,YF
CUST0000153446,OT
CUST0000352126,
CUST0000622531,OT
CUST0000588390,OT
CUST0000916716,OT
CUST0000899518,OF
CUST0000724998,YF
CUST0000943456,
CUST0000008112,OT
CUST0000668209,
CUST0000066423,PE
CUST0000282411,YA
CUST0000042133,YF
CUST0000404696,OT
CUST0000034450,YF
CUST0000645135,OT
CUST0000408527,OT
CUST0000561099,YA
CUST0000496531,OT
CUST0000274137,YA
CUST0000431167,YA
CUST0000562988,OA
CUST0000037150,OT
CUST0000220920,OT
CUST0000729397,YA
CUST0000990401,OT
CUST0000673197,OT
CUST0000062082,PE
CUST0000574199,OT
CUST0000901312,OA
CUST0000659009,OT
CUST0000974910,OT
CUST0000976529,YF
CUST0000896113,OF
CUST0000412870,YF
CUST0000360289,
CUST0000455620,
CUST0000178093,OF
CUST0000952727,OA
CUST0000990077,OT
CUST0000444343,
CUST0000361169,YF
CUST0000621694,OT
CUST0000268207,
CUST0000949963,YF
CUST0000678391,OT
CUST0000495649,OT
CUST0000678277,
CUST0000577947,YA
CUST0000858529,OF
CUST0000055396,OT
CUST0000458602,PE
CUST0000506875,PE
CUST0000445623,OT
CUST0000100865,YF
CUST0000875803,OT
CUST0000822648,
CUST0000971158,YF
CUST0000047889,OT
CUST0000464275,YA
CUST0000909290,OT
CUST0000832277,OT
CUST0000445856,OA
CUST0000020029,OA
CUST0000013725,OT
CUST0000303755,YA
CUST0000276333,
CUST0000196396,YA
CUST0000028627,OA
CUST0000958757,
CUST0000407176,OT
CUST0000375074,PE
CUST0000501713,PE
CUST0000805651,OF
CUST0000479003,
CUST0000179265,OT
CUST0000817281,OT
CUST0000935271,OA
CUST0000722945,OT
CUST0000567454,OT
CUST0000404601,PE
CUST0000772385,OT
CUST0000559052,OA
CUST0000395437,OF
CUST0000726295,PE
CUST0000150295,OA
CUST0000861304,OA
CUST0000641510,YA
CUST0000274070,YA
CUST0000046773,OT
CUST0000806489,YF
CUST0000114208,YF
CUST0000059541,OT
CUST0000527347,YA
CUST0000400678,YF
CUST0000441420,OT
CUST0000412559,YA
CUST0000206190,YA
CUST0000863169,
CUST0000353655,OT
CUST0000525274,OT
CUST0000038037,
CUST0000988538,OT
CUST0000876718,YA
CUST0000589818,OA
CUST0000183093,PE
CUST0000272425,
CUST0000919884,PE
CUST0000158576,PE
CUST0000121492,YF
CUST0000685699,YA
CUST0000892936,OT
CUST0000628773,OT
CUST0000585013,OA
CUST0000405053,OT
CUST0000369298,PE
CUST0000258485,YF
CUST0000982560,OT
CUST0000361038,PE
CUST0000308575,OT
CUST0000129034,YA
CUST0000095712,OT
CUST0000765740,
CUST0000491938,OT
CUST0000373894,YF
CUST0000039924,OT
CUST0000604366,OT
CUST0000283803,OT
CUST0000768294,OA
CUST0000132577,YF
CUST0000171760,OT
CUST0000531338,PE
CUST0000559848,
CUST0000892068,YA
CUST0000892572,YF
CUST0000060707,PE
CUST0000872317,OT
CUST0000327790,OT
CUST0000894701,OT
CUST0000093216,OF
CUST0000897274,YA
CUST0000555791,YA
CUST0000326951,OT
CUST0000406979,OT
CUST0000438700,OT
CUST0000835270,
CUST0000301267,OT
CUST0000576033,OT
CUST0000178690,YA
CUST0000503754,OT
CUST0000520211,OA
CUST0000852365,OA
CUST0000634199,
CUST0000099557,YA
CUST0000389739,OT
CUST0000660742,YA
CUST0000861555,YF
CUST0000695535,OA
CUST0000291432,OT
CUST0000683937,
CUST0000913505,OT
CUST0000330389,PE
CUST0000356138,OT
CUST0000154813,OT
CUST0000117777,PE
CUST0000688474,OA
CUST0000991337,OT
CUST0000571895,OF
CUST0000011232,YA
CUST0000001148,YA
CUST0000296379,OT
CUST0000644243,PE
CUST0000345373,OT
CUST0000234511,YF
CUST0000306198,OT
CUST0000495556,OT
CUST0000212093,
CUST0000366451,OA
CUST0000316344,YF
CUST0000163212,OT
CUST0000903105,PE
CUST0000794394,YA
CUST0000717402,OT
CUST0000378677,OA
CUST0000145641,YA
CUST0000396231,YF
CUST0000357913,OF
CUST0000698121,OT
CUST0000405240,OT
CUST0000028030,OT
CUST0000334951,OT
CUST0000243706,PE
CUST0000055631,
CUST0000152233,YF
CUST0000267570,OA
CUST0000373003,YA
CUST0000194547,OA
CUST0000534958,
CUST0000757371,
CUST0000777126,PE
CUST0000486257,OA
CUST0000947049,YA
CUST0000406818,YF
CUST0000275436,YF
CUST0000883751,OA
CUST0000013461,OT
CUST0000100914,OT
CUST0000270350,PE
CUST0000549332,OT
CUST0000548601,PE
CUST0000143857,
CUST0000602766,YF
CUST0000034023,YF
CUST0000008640,OT
CUST0000161286,PE
CUST0000364031,OT
CUST0000586117,PE
CUST0000326502,YA
CUST0000969237,OT
CUST0000665227,OT
CUST0000643960,OT
CUST0000797981,OT
CUST0000844759,PE
CUST0000623801,OT
CUST0000472833,
CUST0000018830,PE
CUST0000222318,YF
CUST0000448995,YA
CUST0000551216,OT
CUST0000594734,PE
CUST0000154180,OT
CUST0000196121,OT
CUST0000803106,
CUST0000670118,PE
CUST0000216551,YF
CUST0000778176,OT
CUST0000024653,OA
CUST0000734637,OT
CUST0000326784,OT
CUST0000828846,YA
CUST0000713934,PE
CUST0000240613,OT
CUST0000899895,YA
CUST0000032568,
CUST0000718427,OT
CUST0000878470,YA
CUST0000883983,YF
CUST0000366903,YF
CUST0000157638,OT
CUST0000799729,OT
CUST0000589724,OT
CUST0000564834,OA
CUST0000044201,OT
CUST0000941769,
CUST0000995942,OT
CUST0000870653,YA
CUST0000242769,OT
CUST0000521752,OT
CUST0000969302,OT
CUST0000365846,YA
CUST0000607616,OT
CUST0000457031,OT
CUST0000537006,OA
CUST0000573324,OF
CUST0000583299,YF
CUST0000398539,OT
CUST0000090867,
CUST0000146488,OA
CUST0000051933,OA
CUST0000884608,OA
CUST0000448360,OT
CUST0000671743,OT
CUST0000457391,YA
CUST0000125548,OT
CUST0000014944,OT
CUST0000614846,YF
CUST0000449312,OA
CUST0000332648,OT
CUST0000338923,
CUST0000026732,PE
CUST0000098775,OT
CUST0000005739,YA
CUST0000308121,OT
CUST0000729097,OT
CUST0000659351,OA
CUST0000285663,
CUST0000721005,YA
CUST0000109701,OT
CUST0000792017,OT
CUST0000951558,PE
CUST0000788031,OT
CUST0000033514,OA
CUST0000178820,OT
CUST0000040270,PE
CUST0000557102,YA
CUST0000748260,OT
CUST0000755734,OA
CUST0000727779,
CUST0000030374,YF
CUST0000688346,OF
CUST0000495733,OF
CUST0000168178,YA
CUST0000088904,OT
CUST0000360223,OA
CUST0000227265,
CUST0000643423,OT
CUST0000916506,OT
CUST0000129804,OT
CUST0000900382,PE
CUST0000159864,OT
CUST0000914107,
CUST0000544964,OT
CUST0000135514,YA
CUST0000138040,OT
CUST0000371044,OT
CUST0000022415,OT
CUST0000716219,OT
CUST0000470325,
CUST0000463571,OT
CUST0000199253,OT
CUST0000560332,OT
CUST0000759622,OT
CUST0000107151,YA
CUST0000977193,OT
CUST0000728918,OT
CUST0000036781,OT
CUST0000915346,OT
CUST0000110356,YF
CUST0000276154,
CUST0000395732,YA
CUST0000871609,OA
CUST0000240185,OT
CUST0000105586,OT
CUST0000908339,OT
CUST0000591774,PE
CUST0000393638,PE
CUST0000340033,YA
CUST0000998017,OT
CUST0000495595,PE
CUST0000559823,
CUST0000421869,OA
CUST0000142399,OT
CUST0000076787,PE
CUST0000729516,OT
CUST0000315792,PE
CUST0000392574,OT
CUST0000223618,OT
CUST0000692058,OT
CUST0000824641,YF
CUST0000267726,OT
CUST0000633336,
CUST0000248441,OT
CUST0000246911,YF
CUST0000786966,YA
CUST0000545553,OT
CUST0000881571,OT
CUST0000060094,YA
CUST0000103039,PE
CUST0000985648,
CUST0000566711,OF
CUST0000146061,OT
CUST0000733822,OT
CUST0000091090,OT
CUST0000865213,OT
CUST0000842003,OT
CUST0000980779,YF
CUST0000311051,PE
CUST0000632761,OT
CUST0000731373,PE
CUST0000545486,PE
CUST0000062382,OA
CUST0000682120,YF
CUST0000067848,OT
CUST0000582064,
CUST0000310844,OT
CUST0000364039,
CUST0000270628,YA
CUST0000131091,YF
CUST0000318306,OT
CUST0000996890,OA
CUST0000018190,OA
CUST0000088620,OT
CUST0000930614,OA
CUST0000107770,OT
CUST0000853281,OA
CUST0000882756,YA
CUST0000570805,OT
CUST0000053339,OF
CUST0000146867,
CUST0000926320,PE
CUST0000464084,
CUST0000568005,YF
CUST0000425172,OT
CUST0000867806,OT
CUST0000586590,OF
CUST0000965597,OT
CUST0000784547,PE
CUST0000287772,OT
CUST0000759306,OT
CUST0000740535,OT
CUST0000377358,YA
CUST0000161885,PE
CUST0000711881,OF
CUST0000536422,OT
CUST0000735379,OA
CUST0000360110,YF
CUST0000666447,OT
CUST0000505515,YF
CUST0000896027,OT
CUST0000125091,YF
CUST0000853933,OT
CUST0000705963,
CUST0000856241,OT
CUST0000352544,OT
CUST0000455781,OT
CUST0000490525,OT
CUST0000106770,YF
CUST0000832827,OT
CUST0000987979,
CUST0000490446,PE
CUST0000793281,YF
CUST0000272904,OT
CUST0000805536,YA
CUST0000604610,PE
CUST0000301201,OT
CUST0000297249,OT
CUST0000095091,YF
CUST0000788532,OA
CUST0000733897,YF
CUST0000162536,OT
CUST0000120143,OT
CUST0000205018,OT
CUST0000890637,PE
CUST0000128185,OA
CUST0000774924,YA
CUST0000676746,YA
CUST0000541731,YA
CUST0000165473,YF
CUST0000665049,YA
CUST0000318790,
CUST0000813956,
CUST0000282652,YA
CUST0000547921,YA
CUST0000538580,OT
CUST0000599314,OT
CUST0000008879,OT
CUST0000664767,OA
CUST0000851830,OT
CUST0000422099,OT
CUST0000462264,OT
CUST0000160617,OT
CUST0000992272,OT
CUST0000510375,YF
CUST0000945336,
CUST0000603826,OT
CUST0000087799,OA
CUST0000440643,OT
CUST0000247029,OT
CUST0000209646,OT
CUST0000711617,OT
CUST0000259504,OT
CUST0000097667,OT
CUST0000646404,YA
CUST0000229599,YF
CUST0000194560,OT
CUST0000484399,OT
CUST0000976731,YF
CUST0000866601,YF
CUST0000725725,YA
CUST0000619015,OT
CUST0000552278,OT
CUST0000247910,PE
CUST0000165033,YA
CUST0000598853,OT
CUST0000404913,OT
CUST0000606154,OT
CUST0000784166,OT
CUST0000265582,
CUST0000386827,YF
CUST0000840471,OA
CUST0000141094,OA
CUST0000481776,OT
CUST0000234065,OT
CUST0000798688,PE
CUST0000491140,OT
CUST0000227398,
CUST0000530394,YA
CUST0000993466,YA
CUST0000398367,YA
CUST0000357650,YF
CUST0000753352,OT
CUST0000517718,OT
CUST0000788668,
CUST0000918462,
CUST0000993604,YF
CUST0000771292,OT
CUST0000255420,YA
CUST0000052887,OT
CUST0000708744,YA
CUST0000930113,OT
CUST0000563509,OT
CUST0000595400,OT
CUST0000845855,YA
CUST0000773721,OA
CUST0000097065,YA
CUST0000147674,YA
CUST0000426698,OA
CUST0000167244,
CUST0000301823,OT
CUST0000794814,YF
CUST0000792811,OT
CUST0000753729,OT
CUST0000379126,OT
CUST0000448187,
CUST0000392468,OT
CUST0000449002,OA
CUST0000246087,OT
CUST0000663881,YA
CUST0000146045,PE
CUST0000534323,OT
CUST0000612498,OT
CUST0000573675,OT
CUST0000261138,OT
CUST0000879091,YF
CUST0000461477,OT
CUST0000884836,OT
CUST0000512238,OA
CUST0000914466,OT
CUST0000862571,YA
CUST0000800237,OT
CUST0000591488,OT
CUST0000863981,OT
CUST0000126202,OT
CUST0000151471,OT
CUST0000849738,YA
CUST0000910053,OT
CUST0000156330,
CUST0000633060,OT
CUST0000485726,YF
CUST0000774988,OT
CUST0000547165,OT
CUST0000989103,OT
CUST0000067605,OT
CUST0000218956,OF
CUST0000887225,OT
CUST0000794691,OA
CUST0000901001,PE
CUST0000882828,OT
CUST0000611481,OT
CUST0000806331,OT
CUST0000643410,OF
CUST0000429043,OT
CUST0000134243,OT
CUST0000800342,
CUST0000227529,OT
CUST0000166946,OT
CUST0000462451,OT
CUST0000647000,OT
CUST0000672497,OT
CUST0000027371,PE
CUST0000917476,OA
CUST0000891142,OA
CUST0000086810,OT
CUST0000690958,YA
CUST0000944250,OT
CUST0000213878,OT
CUST0000796072,OA
CUST0000732985,OT
CUST0000197720,YA
CUST0000283274,YF
CUST0000531435,YA
CUST0000591215,YA
CUST0000972049,
CUST0000039024,YF
CUST0000234581,OT
CUST0000835716,YF
CUST0000147978,OT
CUST0000956550,OT
CUST0000198651,OA
CUST0000374165,YF
CUST0000253216,YA
CUST0000565426,OT
CUST0000179263,YF
CUST0000013530,YA
CUST0000787129,
CUST0000190109,YF
CUST0000731762,PE
CUST0000398616,OT
CUST0000284451,OA
CUST0000565377,YA
CUST0000369681,OT
CUST0000195742,OA
CUST0000917793,
CUST0000487160,OT
CUST0000517668,OT
CUST0000199324,OT
CUST0000274585,YA
CUST0000836708,OT
CUST0000579095,OT
CUST0000912014,YA
CUST0000489666,
CUST0000996036,
CUST0000458484,YA
CUST0000835845,OT
CUST0000161188,OT
CUST0000355428,OA
CUST0000414522,PE
CUST0000911359,YA
CUST0000929563,YA
CUST0000566123,
CUST0000538623,OA
CUST0000370293,OA
CUST0000891442,YF
CUST0000971929,OF
CUST0000352048,YA
CUST0000672316,YF
CUST0000147472,YA
CUST0000512567,OT
CUST0000593659,OT
CUST0000980244,OT
CUST0000091796,
CUST0000719553,
CUST0000810784,YA
CUST0000511074,OT
CUST0000963557,OF
CUST0000751357,OA
CUST0000010712,OF
CUST0000901750,OT
CUST0000252338,YA
CUST0000767319,YA
CUST0000025657,PE
CUST0000686158,OA
CUST0000953189,OT
CUST0000046556,OA
CUST0000610012,OT
CUST0000947188,OT
CUST0000705186,OT
CUST0000836042,YA
CUST0000916074,OT
CUST0000156219,OT
CUST0000389364,
CUST0000905666,YF
CUST0000883458,OT
CUST0000483276,OT
CUST0000981610,PE
CUST0000868967,OT
CUST0000389986,OT
CUST0000255032,
CUST0000000679,OT
CUST0000508788,OT
CUST0000234209,OT
CUST0000279310,YA
CUST0000843968,PE
CUST0000703243,
CUST0000473440,OF
CUST0000199032,OT
CUST0000151651,YF
CUST0000492670,OT
CUST0000760764,OA
CUST0000198561,OT
CUST0000167044,OT
CUST0000208588,OT
CUST0000039589,OT
CUST0000862237,
CUST0000357109,OT
CUST0000549773,OA
CUST0000901807,OF
CUST0000717372,OA
CUST0000711122,OT
CUST0000397007,OT
CUST0000898618,PE
CUST0000639245,OT
CUST0000564613,YF
CUST0000753950,YA
CUST0000763030,OT
CUST0000141343,OT
CUST0000063646,
CUST0000348786,OT
CUST0000059470,
CUST0000687859,YF
CUST0000491025,OT
CUST0000752305,YF
CUST0000447826,OT
CUST0000353993,OT
CUST0000356307,OA
CUST0000576401,OT
CUST0000434391,YF
CUST0000998609,OT
CUST0000393321,OF
CUST0000698369,YF
CUST0000687089,OA
CUST0000162730,OT
CUST0000141926,PE
CUST0000932531,
CUST0000101121,OA
CUST0000131867,OA
CUST0000844724,PE
CUST0000715087,PE
CUST0000385508,YA
CUST0000055392,OA
CUST0000694871,OT
CUST0000024896,PE
CUST0000374967,YA
CUST0000862202,YA
CUST0000776916,OT
CUST0000251916,PE
CUST0000757582,OT
CUST0000203043,YA
CUST0000568232,OT
CUST0000025672,OT
CUST0000545926,OT
CUST0000460016,OT
CUST0000413715,PE
CUST0000373683,OT
CUST0000145307,OT
CUST0000042928,OT
CUST0000629791,OT
CUST0000491226,OT
CUST0000905751,OT
CUST0000496588,OT
CUST0000917923,PE
CUST0000294638,OT
CUST0000072124,OA
CUST0000423937,OT
CUST0000581032,OT
CUST0000340993,OT
CUST0000681735,
CUST0000520208,OT
CUST0000663137,OT
CUST0000915222,OT
CUST0000265948,
CUST0000564087,OT
CUST0000178558,PE
CUST0000100432,OA
CUST0000930325,OA
CUST0000673066,OT
CUST0000707905,OT
CUST0000864395,OT
CUST0000280517,YA
CUST0000669669,OT
CUST0000916843,OT
CUST0000183523,YF
CUST0000023985,OT
CUST0000816644,OT
CUST0000506779,YA
CUST0000214629,YA
CUST0000010509,OF
CUST0000628301,OT
CUST0000715014,YF
CUST0000480746,YF
CUST0000775362,OT
CUST0000037401,PE
CUST0000828022,OT
CUST0000153320,OT
CUST0000520310,OF
CUST0000204088,OT
CUST0000593878,OT
CUST0000128862,OT
CUST0000374252,OT
CUST0000166035,OT
CUST0000853197,OT
CUST0000060014,OT
CUST0000972938,OT
CUST0000144594,OT
CUST0000379577,OA
CUST0000476611,OF
CUST0000935348,OT
CUST0000017060,YA
CUST0000051369,OT
CUST0000905271,YA
CUST0000061214,OT
CUST0000408729,YF
CUST0000080905,OA
CUST0000069477,OT
CUST0000953401,PE
CUST0000453528,OA
CUST0000217653,OT
CUST0000720371,
CUST0000322431,YA
CUST0000333648,OT
CUST0000734885,OT
CUST0000012241,OT
CUST0000745988,OT
CUST0000746630,OT
CUST0000526194,YA
CUST0000297139,YF
CUST0000503299,OT
CUST0000201463,OT
CUST0000320773,OT
CUST0000619072,YA
CUST0000621445,OT
CUST0000697945,OT
CUST0000953895,OT
CUST0000879952,OT
CUST0000451855,YA
CUST0000839302,OT
CUST0000062102,OT
CUST0000195791,YA
CUST0000377107,YF
CUST0000740844,OT
CUST0000467631,OT
CUST0000547250,OT
CUST0000213978,PE
CUST0000471569,OT
CUST0000860136,
CUST0000941217,OA
CUST0000304719,OA
CUST0000200033,PE
CUST0000444866,OT
CUST0000872480,OA
CUST0000882569,YA
CUST0000123142,OT
CUST0000932977,OT
CUST0000465173,OA
CUST0000172939,OF
CUST0000551279,OT
CUST0000555858,OA
CUST0000241118,OA
CUST0000200588,OT
CUST0000981759,PE
CUST0000827586,OT
CUST0000782600,
CUST0000610945,OT
CUST0000879709,OT
CUST0000786778,OA
CUST0000682138,OT
CUST0000522402,OT
CUST0000644927,OA
CUST0000897794,
CUST0000713144,OT
CUST0000347834,
CUST0000245743,OA
CUST0000454193,OT
CUST0000919740,OT
CUST0000673939,OT
CUST0000024551,YA
CUST0000937998,PE
CUST0000505045,YA
CUST0000090376,OA
CUST0000098592,OT
CUST0000917733,OA
CUST0000752951,OT
CUST0000563675,OT
CUST0000580333,OA
CUST0000486445,OT
CUST0000211407,OT
CUST0000571394,YA
CUST0000224082,OT
CUST0000319241,YF
CUST0000745452,OT
CUST0000474340,PE
CUST0000855240,YF
CUST0000029392,OT
CUST0000202713,OF
CUST0000448704,OT
CUST0000335861,YA
CUST0000777734,OT
CUST0000024442,YF
CUST0000189585,OA
CUST0000833853,OT
CUST0000532766,OT
CUST0000419215,OT
CUST0000253539,OT
CUST0000018545,YA
CUST0000155661,OA
CUST0000529305,
CUST0000077221,OT
CUST0000558853,OA
CUST0000516995,OA
CUST0000195041,OA
CUST0000992462,OT
CUST0000166560,YA
CUST0000243284,OT
CUST0000017220,OT
CUST0000362281,
CUST0000302280,PE
CUST0000687027,OA
CUST0000968322,OT
CUST0000821327,OT
CUST0000029952,OT
CUST0000518972,OT
CUST0000225827,OF
CUST0000473940,OT
CUST0000067889,OT
CUST0000237694,OT
CUST0000025221,
CUST0000827417,OT
CUST0000006239,OT
CUST0000439775,YF
CUST0000489620,OT
CUST0000571077,OF
CUST0000820186,OT
CUST0000852398,OA
CUST0000388524,OF
CUST0000475032,OT
CUST0000340654,PE
CUST0000817425,YA
CUST0000647002,OT
CUST0000744587,YA
CUST0000504392,OT
CUST0000391287,OT
CUST0000465879,OT
CUST0000254742,OT
CUST0000805980,OT
CUST0000616267,OT
CUST0000724205,YF
CUST0000483822,OF
CUST0000885195,
CUST0000880049,
CUST0000237812,
CUST0000713315,OF
CUST0000646782,OA
CUST0000952892,OA
CUST0000158221,YF
CUST0000955613,OT
CUST0000397266,OA
CUST0000323196,OA
CUST0000253886,OT
CUST0000151558,OT
CUST0000791687,OA
CUST0000865064,OT
CUST0000037843,YA
CUST0000060098,OT
CUST0000570070,OT
CUST0000903399,
CUST0000474124,YF
CUST0000131452,OA
CUST0000730395,OT
CUST0000171942,OT
CUST0000642691,OT
CUST0000122174,YA
CUST0000790651,OT
CUST0000804275,OT
CUST0000610674,YF
CUST0000127560,OT
CUST0000887603,YA
CUST0000264598,
CUST0000041292,YA
CUST0000584873,OT
CUST0000841531,OT
CUST0000944109,OT
CUST0000819195,
CUST0000396149,OT
CUST0000238094,OT
CUST0000265468,OA
CUST0000297983,
CUST0000930603,PE
CUST0000934044,OT
CUST0000826996,YA
CUST0000376662,OT
CUST0000507316,YF
CUST0000952630,OT
CUST0000560209,OT
CUST0000348008,OT
CUST0000500211,YF
CUST0000572204,OT
CUST0000854437,OT
CUST0000726635,OT
CUST0000531491,OT
CUST0000102491,OT
CUST0000320358,OT
CUST0000088813,PE
CUST0000363266,OA
CUST0000434872,OT
CUST0000770036,YA
CUST0000309981,OT
CUST0000418129,OT
CUST0000101739,OT
CUST0000359250,YF
CUST0000200724,OA
CUST0000911564,YA
CUST0000198121,OT
CUST0000266722,YA
CUST0000294682,OT
CUST0000264286,OT
CUST0000776056,YA
CUST0000462322,OT
CUST0000094387,PE
CUST0000109500,OT
CUST0000606858,OT
CUST0000257507,OA
CUST0000091671,
CUST0000454607,OT
CUST0000531203,OT
CUST0000708140,OT
CUST0000795922,OT
CUST0000728164,OT
CUST0000165493,OT
CUST0000298700,OT
CUST0000287617,YA
CUST0000462295,OT
CUST0000098812,PE
CUST0000299009,OT
CUST0000676167,PE
CUST0000166546,YF
CUST0000202476,
CUST0000503278,YF
CUST0000042509,OT
CUST0000540490,YF
CUST0000646413,YF
CUST0000359265,OT
CUST0000055276,
CUST0000405566,OA
CUST0000781826,OT
CUST0000861816,
CUST0000638188,OT
CUST0000129484,YF
CUST0000299174,YA
CUST0000190750,OT
CUST0000844556,OT
CUST0000117239,YA
CUST0000039817,OT
CUST0000713129,OT
CUST0000679415,OT
CUST0000233205,OT
CUST0000429174,OT
CUST0000209339,OT
CUST0000657173,OT
CUST0000240359,
CUST0000853429,
CUST0000203680,OT
CUST0000534670,OT
CUST0000563557,YA
CUST0000268635,YF
CUST0000180467,OT
CUST0000642489,OT
CUST0000483341,OT
CUST0000203720,OT
CUST0000497741,YA
CUST0000220735,OT
CUST0000444818,OA
CUST0000907293,OT
CUST0000896155,OT
CUST0000021723,YF
CUST0000168606,YA
CUST0000018482,OT
CUST0000735706,YA
CUST0000018583,OT
CUST0000047009,
CUST0000904873,
CUST0000750549,YF
CUST0000643482,YA
CUST0000812909,OT
CUST0000837423,OT
CUST0000425983,PE
CUST0000798970,PE
CUST0000112412,OT
CUST0000023406,YA
CUST0000097226,OT
CUST0000554969,
CUST0000149878,
CUST0000322541,PE
CUST0000951997,OT
CUST0000953479,OA
CUST0000712923,OT
CUST0000133247,OT
CUST0000516273,OA
CUST0000805724,OT
CUST0000603155,YA
CUST0000822402,OF
CUST0000965308,YA
CUST0000261407,OT
CUST0000288343,OA
CUST0000422568,OT
CUST0000156297,OT
CUST0000874374,OT
CUST0000110854,YA
CUST0000747752,OT
CUST0000741801,YA
CUST0000866844,YA
CUST0000596825,YA
CUST0000552346,OA
CUST0000595140,
CUST0000690034,OT
CUST0000769276,OT
CUST0000543971,OT
CUST0000741361,OT
CUST0000008206,OT
CUST0000408561,OT
CUST0000903628,OA
CUST0000871519,
CUST0000974365,OT
CUST0000532714,YF
CUST0000490088,OA
CUST0000404168,OT
CUST0000652656,OT
CUST0000255387,
CUST0000115923,OT
CUST0000789469,YA
CUST0000478049,OT
CUST0000130407,PE
CUST0000971355,OF
CUST0000017968,OT
CUST0000492233,YA
CUST0000104788,PE
CUST0000314371,YA
CUST0000182139,
CUST0000990193,OT
CUST0000023874,OT
CUST0000965181,OT
CUST0000301347,OA
CUST0000339054,YF
CUST0000244088,PE
CUST0000863076,OF
CUST0000538745,
CUST0000754299,OT
CUST0000513829,OT
CUST0000375633,OT
CUST0000713789,
CUST0000157101,PE
CUST0000913416,YF
CUST0000964342,YA
CUST0000336297,OT
CUST0000081381,OA
CUST0000644550,
CUST0000055017,YF
CUST0000523300,OT
CUST0000437882,OT
CUST0000820341,OT
CUST0000436068,OT
CUST0000562821,OT
CUST0000931904,OT
CUST0000337058,OT
CUST0000865205,OT
CUST0000319762,OT
CUST0000418168,YA
CUST0000187720,OT
CUST0000149982,OT
CUST0000397631,YF
CUST0000571159,PE
CUST0000275806,OT
CUST0000357449,OT
CUST0000701172,YF
CUST0000652788,
CUST0000976555,OT
CUST0000493564,OT
CUST0000702039,OT
CUST0000324439,OT
CUST0000277415,OT
CUST0000302308,OT
CUST0000292049,OT
CUST0000299905,OT
CUST0000124448,OT
CUST0000386369,YA
CUST0000819101,OT
CUST0000449795,OT
CUST0000773129,OT
CUST0000052443,OA
CUST0000679829,OT
CUST0000432330,OT
CUST0000876662,YA
CUST0000200113,
CUST0000997386,YA
CUST0000536633,OT
CUST0000540675,
CUST0000102963,YA
CUST0000107554,PE
CUST0000829489,YF
CUST0000591919,OA
CUST0000315873,OA
CUST0000924929,YA
CUST0000597790,OT
CUST0000918632,OT
CUST0000707701,OT
CUST0000459425,OF
CUST0000787337,PE
CUST0000698870,OF
CUST0000050133,OT
CUST0000704073,OT
CUST0000182582,YA
CUST0000619031,OT
CUST0000203671,OT
CUST0000046609,OT
CUST0000410183,OT
CUST0000112612,OT
CUST0000736933,
CUST0000886703,OT
CUST0000859206,OA
CUST0000212677,OT
CUST0000986685,OT
CUST0000850666,OT
CUST0000188090,OT
CUST0000191983,OT
CUST0000554531,OT
CUST0000355235,YA
CUST0000748686,
CUST0000383071,OT
CUST0000145541,OA
CUST0000578476,OT
CUST0000674372,OT
CUST0000380224,PE
CUST0000959407,OT
CUST0000370986,OT
CUST0000426893,OT
CUST0000892113,YA
CUST0000912393,OT
CUST0000242357,
CUST0000642022,YA
CUST0000972119,OT
CUST0000918382,OT
CUST0000205747,
CUST0000337081,OT
CUST0000837178,
CUST0000400016,OT
CUST0000448583,OT
CUST0000889862,OT
CUST0000224482,OT
CUST0000205671,OT
CUST0000456967,YA
CUST0000048128,
CUST0000507230,
CUST0000259436,OT
CUST0000759041,YA
CUST0000225193,OT
CUST0000044470,OA
CUST0000929829,
CUST0000547003,OA
CUST0000587537,OT
CUST0000097286,OT
CUST0000741274,YA
CUST0000623087,OT
CUST0000080684,OT
CUST0000280952,YF
CUST0000413017,OT
CUST0000657439,OT
CUST0000981542,OT
CUST0000759943,OT
CUST0000863891,OT
CUST0000614175,YF
CUST0000236834,OT
CUST0000677440,OT
CUST0000254832,PE
CUST0000395055,YA
CUST0000287282,OT
CUST0000149548,OT
CUST0000756732,YF
CUST0000485050,OT
CUST0000730021,YA
CUST0000214609,YA
CUST0000073777,OF
CUST0000309974,YA
CUST0000785789,OT
CUST0000414611,OT
CUST0000117522,OT
CUST0000019980,OT
CUST0000734554,OT
CUST0000843789,OT
CUST0000089962,OT
CUST0000481442,PE
CUST0000501792,OT
CUST0000932475,OT
CUST0000213530,YF
CUST0000569377,OT
CUST0000956316,OT
CUST0000869681,PE
CUST0000231954,OA
CUST0000691049,OT
CUST0000845052,YF
CUST0000740863,OT
CUST0000227166,OF
CUST0000042419,OF
CUST0000255201,OT
CUST0000871069,
CUST0000167368,PE
CUST0000217499,OT
CUST0000339376,YA
CUST0000360531,OT
CUST0000708714,YA
CUST0000996727,OA
CUST0000221060,OT
CUST0000549826,PE
CUST0000344047,
CUST0000764768,OT
CUST0000022316,OT
CUST0000528875,PE
CUST0000742753,OT
CUST0000805211,OT
CUST0000709956,OT
CUST0000227752,PE
CUST0000768513,OT
CUST0000002623,OT
CUST0000392903,OT
CUST0000244205,OT
CUST0000693463,
CUST0000842172,OT
CUST0000950814,OT
CUST0000423668,OT
CUST0000967395,
CUST0000226332,OT
CUST0000468097,OT
CUST0000015147,OT
CUST0000859492,OT
CUST0000266997,OT
CUST0000612480,OT
CUST0000857793,OT
CUST0000631020,YF
CUST0000183589,
CUST0000044673,OT
CUST0000056664,OT
CUST0000865865,YF
CUST0000829233,OT
CUST0000776575,YF
CUST0000859516,YA
CUST0000537508,OT
CUST0000930066,OA
CUST0000808884,OT
CUST0000245257,OT
CUST0000301140,PE
CUST0000615814,
CUST0000566133,OT
CUST0000415471,OT
CUST0000668892,OT
CUST0000550640,YF
CUST0000054846,OT
CUST0000384822,OT
CUST0000594451,PE
CUST0000763129,OT
CUST0000982155,OT
CUST0000091257,OT
CUST0000952091,PE
CUST0000423063,YA
CUST0000440239,
CUST0000756203,OT
CUST0000803214,OT
CUST0000274514,OT
CUST0000722023,OT
CUST0000434612,OT
CUST0000751452,OT
CUST0000105725,OT
CUST0000766744,YA
CUST0000665935,OT
CUST0000039473,PE
CUST0000695407,OT
CUST0000699050,PE
CUST0000421287,OT
CUST0000316653,OF
CUST0000104542,
CUST0000292567,OT
CUST0000417021,OT
CUST0000439138,OT
CUST0000416143,OT
CUST0000230647,OT
CUST0000712188,YF
CUST0000407532,OT
CUST0000687099,YF
CUST0000927720,OT
CUST0000427014,OT
CUST0000584194,OT
CUST0000089711,OT
CUST0000767090,OT
CUST0000517865,OT
CUST0000644552,OT
CUST0000760924,OT
CUST0000454529,OT
CUST0000023291,OT
CUST0000168254,OA
CUST0000054804,YA
CUST0000569531,PE
CUST0000224831,PE
CUST0000028257,OT
CUST0000344914,OT
CUST0000207011,OT
CUST0000431092,
CUST0000672261,YA
CUST0000268961,OT
CUST0000089501,YF
CUST0000812150,OT
CUST0000583043,YA
CUST0000741966,OT
CUST0000025682,OT
CUST0000422872,OT
CUST0000975797,YA
CUST0000960491,OT
CUST0000871850,OA
CUST0000000055,YA
CUST0000297970,YF
CUST0000835203,OT
CUST0000806277,OT
CUST0000403543,OT
CUST0000780880,OT
CUST0000573587,OT
CUST0000487703,OT
CUST0000757252,OT
CUST0000312327,OT
CUST0000809886,OT
CUST0000978956,OT
CUST0000265678,OT
CUST0000010950,OA
CUST0000450574,OT
CUST0000167183,
CUST0000714492,OA
CUST0000940034,YF
CUST0000086754,OT
CUST0000367598,OT
CUST0000749213,YF
CUST0000317407,YA
CUST0000364113,OT
CUST0000099465,OA
CUST0000896495,YA
CUST0000869350,OA
CUST0000942224,OT
CUST0000728979,OT
CUST0000038166,OT
CUST0000570062,OT
CUST0000847695,OF
CUST0000307693,OT
CUST0000620170,OT
CUST0000062236,YA
CUST0000362694,OT
CUST0000545940,OT
CUST0000299294,OT
CUST0000444727,OT
CUST0000249573,YA
CUST0000547607,OT
CUST0000715380,OT
CUST0000833729,OT
CUST0000948003,
CUST0000801309,OT
CUST0000025217,YA
CUST0000011546,
CUST0000994500,PE
CUST0000143568,OT
CUST0000818165,YA
CUST0000070949,OT
CUST0000194891,OT
CUST0000695341,YA
CUST0000898789,YF
CUST0000083735,OT
CUST0000874112,OT
CUST0000865071,OT
CUST0000206165,OT
CUST0000826229,OT
CUST0000340691,OA
CUST0000561506,YA
CUST0000177444,
CUST0000030086,OT
CUST0000620921,OT
CUST0000378735,OT
CUST0000208981,OT
CUST0000705880,YA
CUST0000514903,OT
CUST0000555528,
CUST0000687529,OA
CUST0000552628,OT
CUST0000426681,OA
CUST0000760909,OT
CUST0000092176,OA
CUST0000708739,OT
CUST0000684627,OT
CUST0000053580,OT
CUST0000227536,OT
CUST0000191960,OT
CUST0000184526,OA
CUST0000843047,OT
CUST0000446384,OT
CUST0000267709,OT
CUST0000409108,OT
CUST0000208854,OT
CUST0000157717,PE
CUST0000058498,OT
CUST0000530036,OT
CUST0000848525,OT
CUST0000639103,YA
CUST0000637538,OT
CUST0000219524,PE
CUST0000493196,OT
CUST0000170500,OT
CUST0000176387,OA
CUST0000538076,OT
CUST0000369227,OT
CUST0000358344,OT
CUST0000223323,
CUST0000653413,OT
CUST0000766155,
CUST0000014241,OT
CUST0000103784,YA
CUST0000419057,PE
CUST0000436344,
CUST0000977162,
CUST0000370368,OT
CUST0000725482,OT
CUST0000824998,OT
CUST0000280690,OT
CUST0000903478,OT
CUST0000070207,OT
CUST0000149006,OT
CUST0000176701,
CUST0000746315,OF
CUST0000175470,OT
CUST0000277824,OT
CUST0000585874,
CUST0000423572,OA
CUST0000711734,OT
CUST0000569626,OT
CUST0000928006,OT
CUST0000984916,OT
CUST0000691024,OT
CUST0000513470,OT
CUST0000725592,OT
CUST0000066462,OT
CUST0000662710,OT
CUST0000422146,OT
CUST0000303669,OT
CUST0000359212,OA
CUST0000090870,OT
CUST0000092637,PE
CUST0000429836,YA
CUST0000641644,OT
CUST0000868727,PE
CUST0000890978,OT
CUST0000193209,OT
CUST0000303963,OT
CUST0000588744,OT
CUST0000563785,OT
CUST0000854324,YA
CUST0000814921,OT
CUST0000635526,OT
CUST0000868218,OT
CUST0000006976,
CUST0000924904,OT
CUST0000148683,OT
CUST0000637466,
CUST0000971178,OT
CUST0000832979,
CUST0000084519,OT
CUST0000470078,OT
CUST0000974742,OT
CUST0000957056,YA
CUST0000516130,OT
CUST0000206721,OA
CUST0000827575,OT
CUST0000111779,OT
CUST0000540496,OT
CUST0000772017,OT
CUST0000418352,OT
CUST0000306843,
CUST0000843133,OT
CUST0000633837,OT
CUST0000964168,OT
CUST0000738078,YF
CUST0000741685,OT
CUST0000274165,OT
CUST0000994430,OT
CUST0000512453,OT
CUST0000782392,OT
CUST0000281353,OT
CUST0000589174,OT
CUST0000827111,OT
CUST0000861965,OA
CUST0000367323,OT
CUST0000421890,OT
CUST0000618249,OT
CUST0000095092,OT
CUST0000359344,YF
CUST0000657147,OT
CUST0000391910,YA
CUST0000928368,OT
CUST0000373241,OF
CUST0000678300,OT
CUST0000361973,OT
CUST0000889299,OT
CUST0000299443,YF
CUST0000364263,OT
CUST0000017681,
CUST0000800320,OT
CUST0000369539,OT
CUST0000697309,YA
CUST0000760869,OT
CUST0000256124,PE
CUST0000637775,
CUST0000405265,OT
CUST0000640095,YF
CUST0000561413,
CUST0000809677,OT
CUST0000335632,YA
CUST0000614041,OA
CUST0000251322,YF
CUST0000655517,OT
CUST0000142685,OT
CUST0000912092,
CUST0000931886,PE
CUST0000329420,OT
CUST0000874677,OT
CUST0000369724,OT
CUST0000910724,OT
CUST0000574975,OT
CUST0000694841,OA
CUST0000948711,OT
CUST0000610382,PE
CUST0000673744,OT
CUST0000176705,OT
CUST0000873218,OT
CUST0000583287,OT
CUST0000175277,OT
CUST0000728571,
CUST0000105001,OT
CUST0000599487,OT
CUST0000988276,OT
CUST0000188001,OT
CUST0000992596,YF
CUST0000941570,OT
CUST0000897490,YF
CUST0000890781,OT
CUST0000389065,OT
CUST0000588050,OT
CUST0000042355,OT
CUST0000831705,OA
CUST0000817461,OT
CUST0000670651,OT
CUST0000522088,YA
CUST0000119837,OT
CUST0000645503,OT
CUST0000362904,OT
CUST0000562188,OT
CUST0000436141,OT
CUST0000984478,OT
CUST0000724406,YA
CUST0000562526,OT
CUST0000708142,OT
CUST0000817685,OT
CUST0000611042,OT
CUST0000507899,OT
CUST0000976863,OT
CUST0000927524,
CUST0000218633,OA
CUST0000906952,OT
CUST0000346656,OA
CUST0000448626,OT
CUST0000645292,OT
CUST0000682771,OT
CUST0000752545,OT
CUST0000083736,OT
CUST0000400484,YF
CUST0000542501,OT
CUST0000525324,OA
CUST0000951874,OF
CUST0000461568,YA
CUST0000942893,OT
CUST0000509133,OT
CUST0000124935,OA
CUST0000149391,OT
CUST0000573703,OF
CUST0000157175,OT
CUST0000056276,OA
CUST0000633460,PE
CUST0000325091,PE
CUST0000955839,OT
CUST0000012535,OT
CUST0000212431,OT
CUST0000402511,
CUST0000407343,OA
CUST0000174615,YA
CUST0000529313,
CUST0000977878,OT
CUST0000980026,OT
CUST0000239627,OT
CUST0000013675,OT
CUST0000308522,OT
CUST0000515337,OA
CUST0000810116,OT
CUST0000933740,OT
CUST0000620656,OT
CUST0000776361,YF
CUST0000273017,OT
CUST0000611030,OT
CUST0000008235,OT
CUST0000399865,OT
CUST0000825713,OT
CUST0000504248,OT
CUST0000830456,OT
CUST0000735801,OT
CUST0000076078,PE
CUST0000789114,
CUST0000888525,YF
CUST0000044868,OT
CUST0000478589,OT
CUST0000191248,OA
CUST0000248193,OT
CUST0000308433,OT
CUST0000809605,
CUST0000135244,OT
CUST0000130703,OT
CUST0000957087,OT
CUST0000181741,OT
CUST0000905133,YA
CUST0000197476,OT
CUST0000827856,OT
CUST0000249608,OA
CUST0000843554,
CUST0000409997,YA
CUST0000384431,OT
CUST0000125490,OT
CUST0000115401,OT
CUST0000313426,OT
CUST0000744032,PE
CUST0000007540,OT
CUST0000864525,OT
CUST0000700137,OT
CUST0000139227,PE
CUST0000840344,YF
CUST0000379798,YF
CUST0000928010,OT
CUST0000056849,YA
CUST0000492732,YA
CUST0000824986,OA
CUST0000452948,YA
CUST0000058615,OT
CUST0000918756,YA
CUST0000594479,OA
CUST0000861880,OT
CUST0000257511,OT
CUST0000115400,YA
CUST0000823558,OT
CUST0000271479,OT
CUST0000650760,OT
CUST0000449572,OT
CUST0000722574,OT
CUST0000675272,OT
CUST0000248266,OT
CUST0000129368,OT
CUST0000588300,
CUST0000514917,OT
CUST0000001400,OT
CUST0000925582,OT
CUST0000371579,OT
CUST0000215116,OT
CUST0000137649,
CUST0000315095,YA
CUST0000398363,OT
CUST0000298739,OT
CUST0000918624,
CUST0000631798,OT
CUST0000721310,OT
CUST0000689173,OT
CUST0000110607,OA
CUST0000019987,OT
CUST0000361910,OT
CUST0000843768,OT
CUST0000860135,OT
CUST0000970138,YA
CUST0000611821,OT
CUST0000768676,OT
CUST0000066762,OF
CUST0000964472,OT
CUST0000552553,OT
CUST0000000013,YF
CUST0000224335,OF
CUST0000151506,OT
CUST0000019986,OT
CUST0000893429,OT
CUST0000625641,OT
CUST0000580148,YA
CUST0000007046,YA
CUST0000071511,OT
CUST0000572613,OT
CUST0000366900,OT
CUST0000173051,OT
CUST0000883787,OF
CUST0000874583,YA
CUST0000720755,YF
CUST0000951964,PE
CUST0000865565,OT
CUST0000391025,OT
CUST0000193118,OT
CUST0000719018,OT
CUST0000145181,OT
CUST0000393760,YF
CUST0000224232,YF
CUST0000441137,OT
CUST0000652578,YA
CUST0000651171,
CUST0000359971,YF
CUST0000664935,YA
CUST0000649480,
CUST0000896618,YA
CUST0000227053,PE
CUST0000024790,YA
CUST0000364465,OT
CUST0000650723,OT
CUST0000215484,OT
CUST0000107333,OT
CUST0000243024,OT
CUST0000981494,OT
CUST0000044799,OT
CUST0000050163,OT
CUST0000435142,OT
CUST0000694962,YA
CUST0000531031,YF
CUST0000900895,YA
CUST0000887660,OT
CUST0000134361,
CUST0000782307,OT
CUST0000397690,OT
CUST0000618279,OT
CUST0000143069,OT
CUST0000564261,OT
CUST0000728841,OT
CUST0000232167,YF
CUST0000648598,OT
CUST0000985595,OT
CUST0000698395,OT
CUST0000788315,OA
CUST0000667758,OT
CUST0000353845,OT
CUST0000309803,OT
CUST0000535397,OT
CUST0000836537,OT
CUST0000241970,OA
CUST0000463779,OT
CUST0000092719,YA
CUST0000991150,OT
CUST0000285276,OT
CUST0000546350,YF
CUST0000085841,
CUST0000120837,
CUST0000537762,
CUST0000716427,OT
CUST0000248020,OT
CUST0000583841,YF
CUST0000203491,
CUST0000650255,YA
CUST0000054756,YF
CUST0000993845,OT
CUST0000781911,OT
CUST0000785984,OT
CUST0000758403,
CUST0000009875,OT
CUST0000482536,OT
CUST0000214212,OT
CUST0000109509,OT
CUST0000608663,OT
CUST0000487927,OT
CUST0000673133,OT
CUST0000126343,OT
CUST0000402181,OT
CUST0000185571,
CUST0000946961,OT
CUST0000496244,OT
CUST0000712379,OT
CUST0000307403,OT
CUST0000768576,OT
CUST0000486923,YA
CUST0000361611,OT
CUST0000672930,OT
CUST0000509249,OT
CUST0000534546,OT
CUST0000680694,OT
CUST0000189714,OT
CUST0000249820,OT
CUST0000807319,YA
CUST0000974781,OT
CUST0000455930,OT
CUST0000183230,OT
CUST0000746809,OT
CUST0000429833,YF
CUST0000092201,OT
CUST0000014855,OA
CUST0000845098,OT
CUST0000055165,OA
CUST0000726483,OT
CUST0000091625,YA
CUST0000952310,OF
CUST0000664278,OT
CUST0000378448,OT
CUST0000130724,OT
CUST0000374522,OT
CUST0000460021,OT
CUST0000986342,OT
CUST0000556589,OT
CUST0000584170,OT
CUST0000164777,YA
CUST0000177733,OT
CUST0000565188,OT
CUST0000193956,OT
CUST0000325746,OT
CUST0000244127,OT
CUST0000856477,OT
CUST0000723580,OF
CUST0000517596,OA
CUST0000569576,OT
CUST0000878193,OT
CUST0000567102,OT
CUST0000335292,YA
CUST0000971633,
CUST0000861374,OT
CUST0000880262,OT
CUST0000199713,OT
CUST0000756098,OT
CUST0000253102,OF
CUST0000379456,OT
CUST0000263560,OT
CUST0000720080,
CUST0000155767,YF
CUST0000888640,YA
CUST0000292555,OT
CUST0000850628,OT
CUST0000217740,OT
CUST0000421071,OT
CUST0000329240,OT
CUST0000855054,OT
CUST0000084889,OT
CUST0000583944,YA
CUST0000515740,OA
CUST0000531774,YA
CUST0000313294,OT
CUST0000994627,OA
CUST0000255269,OT
CUST0000902161,OT
CUST0000081109,OT
CUST0000169377,OT
CUST0000884491,OT
CUST0000355507,OT
CUST0000601096,OT
CUST0000891288,OT
CUST0000816691,YA
CUST0000744653,
CUST0000617762,OT
CUST0000294865,OT
CUST0000161404,OT
CUST0000940774,OT
CUST0000360293,OT
CUST0000066327,OT
CUST0000830969,YA
CUST0000716624,YF
CUST0000257769,YA
CUST0000499735,OT
CUST0000763358,YA
CUST0000664070,OF
CUST0000219536,OT
CUST0000867461,OT
CUST0000228788,OF
CUST0000459983,OT
CUST0000975006,OT
CUST0000662729,OT
CUST0000204592,OT
CUST0000364233,YA
CUST0000923274,OT
CUST0000198486,
CUST0000142966,OT
CUST0000365104,OT
CUST0000812640,OT
CUST0000867258,OT
CUST0000109728,OA
CUST0000767153,OT
CUST0000510889,OT
CUST0000129677,OT
CUST0000279161,OT
CUST0000948445,YA
CUST0000120799,OF
CUST0000426871,YA
CUST0000967247,OT
CUST0000132844,OT
CUST0000613366,
CUST0000343466,OT
CUST0000451951,
CUST0000850267,
CUST0000543360,OA
CUST0000153576,OT
CUST0000304008,OT
CUST0000091646,OT
CUST0000165485,OT
CUST0000834029,OT
CUST0000063144,OT
CUST0000488814,YF
CUST0000476648,OT
CUST0000987552,YA
CUST0000560317,OT
CUST0000864577,
CUST0000755583,
CUST0000535045,OT
CUST0000692984,YA
CUST0000255395,YA
CUST0000725392,OT
CUST0000581084,OT
CUST0000232995,OT
CUST0000224690,OT
CUST0000387168,OT
CUST0000098598,OT
CUST0000793613,OT
CUST0000576479,OT
CUST0000885752,YF
CUST0000049271,OT
CUST0000597356,
CUST0000485086,YA
CUST0000888275,OT
CUST0000342567,OT
CUST0000795550,YA
CUST0000650053,
CUST0000025292,OT
CUST0000315924,OT
CUST0000639696,YF
CUST0000638750,OT
CUST0000049454,OA
CUST0000755563,OT
CUST0000327087,
CUST0000349056,
CUST0000500812,
CUST0000156940,OT
CUST0000556890,OT
CUST0000157795,OT
CUST0000406083,YA
CUST0000248760,OT
CUST0000965879,
CUST0000060281,OA
CUST0000852161,PE
CUST0000367459,OT
CUST0000848260,OT
CUST0000169503,OT
CUST0000320265,OT
CUST0000912168,OT
CUST0000427301,OT
CUST0000414813,OT
CUST0000415718,OT
CUST0000054771,OT
CUST0000684188,OT
CUST0000926483,OT
CUST0000475839,
CUST0000431454,OT
CUST0000994026,OT
CUST0000763704,PE
CUST0000521313,OT
CUST0000717641,OT
CUST0000838231,OT
CUST0000681047,OT
CUST0000250135,YA
CUST0000554776,OT
CUST0000302301,OT
CUST0000224627,OT
CUST0000135178,OT
CUST0000074825,OT
CUST0000196773,OT
CUST0000397145,OT
CUST0000517758,OT
CUST0000041705,OT
CUST0000297035,OT
CUST0000166407,PE
CUST0000310381,OT
CUST0000144492,OT
CUST0000573657,OT
CUST0000107768,OT
CUST0000591268,OT
CUST0000105613,OT
CUST0000300913,OT
CUST0000294521,OT
CUST0000570003,
CUST0000603565,OT
CUST0000116031,OT
CUST0000241522,OT
CUST0000436803,OT
CUST0000730320,OT
CUST0000266269,OT
CUST0000613659,OT
CUST0000991376,OA
CUST0000878307,OT
CUST0000796175,OT
CUST0000993716,OT
CUST0000975317,
CUST0000728882,OT
CUST0000001098,YA
CUST0000933124,OT
CUST0000520412,OT
CUST0000004696,OT
CUST0000055931,OF
CUST0000152669,YA
CUST0000607068,OT
CUST0000303021,OA
CUST0000330871,OT
CUST0000988262,OT
CUST0000418944,OT
CUST0000109262,OT
CUST0000145387,OA
CUST0000511388,OT
CUST0000401057,OT
CUST0000471465,OT
CUST0000047909,
CUST0000511194,OT
CUST0000294815,OA
CUST0000357627,OT
CUST0000980958,OT
CUST0000873426,OT
CUST0000928158,OT
CUST0000915120,OA
CUST0000019499,OT
CUST0000873251,
CUST0000998851,OT
CUST0000450325,OT
CUST0000562468,OT
CUST0000549601,YA
CUST0000168578,OT
CUST0000438736,OT
CUST0000861358,OT
CUST0000021287,OT
CUST0000815118,
CUST0000126117,OT
CUST0000815839,OT
CUST0000955466,OA
CUST0000878913,OT
CUST0000590320,YF
CUST0000077478,OT
CUST0000069832,
CUST0000229532,YF
CUST0000571753,OT
CUST0000881705,OT
CUST0000973403,
CUST0000372533,YA
CUST0000095209,OT
CUST0000002678,OT
CUST0000784298,OT
CUST0000406914,OT
CUST0000906444,
CUST0000706178,OT
CUST0000151112,OT
CUST0000891033,OT
CUST0000978130,OT
CUST0000804675,OT
CUST0000824456,OT
CUST0000291212,OT
CUST0000513193,OT
CUST0000934997,OT
CUST0000433684,OT
CUST0000156875,OT
CUST0000084985,OT
CUST0000155214,OT
CUST0000456698,OA
CUST0000396495,OT
CUST0000573752,OT
CUST0000947889,YA
CUST0000467477,OT
CUST0000767429,OT
CUST0000786608,OF
CUST0000779956,OT
CUST0000193265,OT
CUST0000862696,OT
CUST0000378034,OT
CUST0000326029,YA
CUST0000056533,OT
CUST0000359555,OT
CUST0000947514,
CUST0000333370,OT
CUST0000468702,OA
CUST0000853046,YF
CUST0000936490,OT
CUST0000918269,OT
CUST0000555393,OT
CUST0000994325,OT
CUST0000827846,OT
CUST0000391346,OT
CUST0000339139,OT
CUST0000312927,OT
CUST0000930182,
CUST0000581338,OT
CUST0000298919,OT
CUST0000670740,OT
CUST0000857923,
CUST0000972290,
CUST0000031996,OT
CUST0000494488,OT
CUST0000699237,OT
CUST0000994273,OT
CUST0000583303,OT
CUST0000347923,YF
CUST0000071220,OT
CUST0000816722,OT
CUST0000188561,OT
CUST0000882323,OT
CUST0000628705,YA
CUST0000096525,
CUST0000263173,
CUST0000659515,YF
CUST0000275790,OT
CUST0000965441,OT
CUST0000856447,YF
CUST0000845331,OT
CUST0000623970,OT
CUST0000844192,OT
CUST0000620533,OT
CUST0000563161,OT
CUST0000745119,
CUST0000603772,OT
CUST0000272582,YF
CUST0000211321,OT
CUST0000906762,OT
CUST0000645743,OT
CUST0000263376,OT
CUST0000249643,OT
CUST0000557313,OT
CUST0000023371,OT
CUST0000730815,OT
CUST0000321438,OT
CUST0000750925,OT
CUST0000372036,OT
CUST0000289572,OT
CUST0000168857,OT
CUST0000633483,OT
CUST0000650512,YF
CUST0000686045,OT
CUST0000424386,PE
CUST0000031564,
CUST0000272386,OT
CUST0000241476,OT
CUST0000274533,
CUST0000208808,OT
CUST0000398825,OT
CUST0000898359,OT
CUST0000407163,OT
CUST0000819500,OT
CUST0000587903,OT
CUST0000373949,OT
CUST0000984808,OT
CUST0000190835,YF
CUST0000840518,YA
CUST0000894179,OT
CUST0000800630,OT
CUST0000456756,OT
CUST0000912320,OT
CUST0000524891,OT
CUST0000300136,OT
CUST0000461526,YF
CUST0000719710,OT
CUST0000523158,OT
CUST0000047261,OA
CUST0000309037,OT
CUST0000672263,OT
CUST0000605594,OT
CUST0000791300,OT
CUST0000944143,OT
CUST0000300206,OT
CUST0000282032,
CUST0000430981,OT
CUST0000478542,OT
CUST0000582565,OT
CUST0000003603,PE
CUST0000284650,OT
CUST0000089485,OT
CUST0000616432,OT
CUST0000863167,OT
CUST0000273592,OT
CUST0000337461,OT
CUST0000414945,OT
CUST0000562569,OT
CUST0000894018,OA
CUST0000326362,OT
CUST0000324002,YF
CUST0000150728,OT
CUST0000370394,OT
CUST0000387419,OT
CUST0000885945,YA
CUST0000017071,OT
CUST0000682110,
CUST0000486885,OT
CUST0000944854,OT
CUST0000780587,OT
CUST0000304476,YF
CUST0000566919,OT
CUST0000245024,OT
CUST0000441667,OT
CUST0000979107,OT
CUST0000516122,OT
CUST0000643023,OT
CUST0000736409,OT
CUST0000162102,OT
CUST0000289401,OT
CUST0000422016,OT
CUST0000202206,OT
CUST0000717649,
CUST0000152715,OT
CUST0000877835,OA
CUST0000484065,OT
CUST0000538110,PE
CUST0000322579,YA
CUST0000780822,OF
CUST0000719941,OT
CUST0000199394,OA
CUST0000243335,
CUST0000007634,OA
CUST0000487728,OT
CUST0000370635,OT
CUST0000894451,YF
CUST0000721354,PE
CUST0000788459,OT
CUST0000211389,
CUST0000642033,OT
CUST0000851370,OT
CUST0000784376,OT
CUST0000609569,PE
CUST0000219780,OT
CUST0000709525,OT
CUST0000459098,
CUST0000092269,OA
CUST0000629003,OT
CUST0000090957,OA
CUST0000392243,OT
CUST0000180206,OT
CUST0000964045,OT
CUST0000787661,OT
CUST0000436401,OT
CUST0000255397,OT
CUST0000589225,OT
CUST0000535622,PE
CUST0000026426,OT
CUST0000928511,OT
CUST0000788910,OT
CUST0000350353,OT
CUST0000015976,OA
CUST0000827750,OT
CUST0000406773,YA
CUST0000101913,OT
CUST0000983579,OT
CUST0000424608,OT
CUST0000329284,
CUST0000766418,OA
CUST0000892746,PE
CUST0000765723,OF
CUST0000190448,OT
CUST0000094693,OT
CUST0000318791,OT
CUST0000446840,
CUST0000168297,OT
CUST0000008716,OT
CUST0000538177,YA
CUST0000198334,OT
CUST0000985435,OT
CUST0000700288,OT
CUST0000601812,OT
CUST0000012470,OA
CUST0000470698,
CUST0000914278,OT
CUST0000547400,OT
CUST0000892270,
CUST0000180051,OT
CUST0000666129,OA
CUST0000626587,OF
CUST0000372762,OT
CUST0000216101,OT
CUST0000288146,OT
CUST0000894426,OT
CUST0000897025,OT
CUST0000247100,OT
CUST0000873007,OT
CUST0000261553,OT
CUST0000254620,OT
CUST0000588201,YA
CUST0000613005,OF
CUST0000912026,YA
CUST0000034375,OT
CUST0000130446,OT
CUST0000203419,OT
CUST0000579898,OT
CUST0000380112,OT
CUST0000101377,OT
CUST0000767293,OT
CUST0000638765,OT
CUST0000628932,OT
CUST0000365689,
CUST0000440798,OT
CUST0000094518,OT
CUST0000142444,YA
CUST0000601659,OF
CUST0000842436,OT
CUST0000086931,OT
CUST0000583570,OT
CUST0000079125,OT
CUST0000807176,OT
CUST0000516635,OA
CUST0000878929,OT
CUST0000443416,OT
CUST0000894955,YA
CUST0000556920,OT
CUST0000633360,OT
CUST0000856458,OT
CUST0000721663,OT
CUST0000328598,OT
CUST0000478840,OT
CUST0000491308,OT
CUST0000986665,OT
CUST0000816127,OF
CUST0000980514,OT
CUST0000544094,OT
CUST0000213897,OT
CUST0000156179,OT
CUST0000184426,
CUST0000505066,PE
CUST0000144435,OT
CUST0000229149,OT
CUST0000746502,YA
CUST0000323567,OT
CUST0000075013,OT
CUST0000358603,OT
CUST0000301955,YA
CUST0000297678,OT
CUST0000555011,OT
CUST0000690291,YF
CUST0000992773,
CUST0000930044,OT
CUST0000912914,OT
CUST0000313370,OT
CUST0000362661,OT
CUST0000242140,OT
CUST0000382456,OT
CUST0000758801,OT
CUST0000920247,OT
CUST0000835400,OT
CUST0000624980,OT
CUST0000802332,OT
CUST0000355666,
CUST0000495027,OT
CUST0000357863,YA
CUST0000402467,OT
CUST0000488589,OT
CUST0000513008,OT
CUST0000110748,OT
CUST0000785369,YA
CUST0000194392,
CUST0000824333,
CUST0000949077,OT
CUST0000487114,OT
CUST0000815647,OT
CUST0000121266,OT
CUST0000306533,OT
CUST0000937956,OT
CUST0000281089,OT
CUST0000605952,
CUST0000022234,OF
CUST0000396827,OT
CUST0000633868,OT
CUST0000277675,YA
CUST0000387914,
CUST0000777787,OT
CUST0000078889,OT
CUST0000794762,OA
CUST0000436095,OT
CUST0000665542,OA
CUST0000353945,OT
CUST0000025691,OF
CUST0000252562,OT
CUST0000848715,YA
CUST0000487663,OT
CUST0000050558,OA
CUST0000393773,OT
CUST0000569235,OT
CUST0000582960,OT
CUST0000347309,
CUST0000901037,OT
CUST0000907408,
CUST0000957143,OT
CUST0000444755,YA
CUST0000901474,OT
CUST0000319505,YA
CUST0000373737,OT
CUST0000787270,OT
CUST0000549621,YF
CUST0000857815,OT
CUST0000122993,YA
CUST0000454985,OT
CUST0000369937,OT
CUST0000761936,OT
CUST0000971718,YA
CUST0000407194,OA
CUST0000622978,OT
CUST0000738183,
CUST0000120903,OT
CUST0000126351,OT
CUST0000061224,OT
CUST0000503217,OT
CUST0000109451,OT
CUST0000348012,OT
CUST0000780442,OT
CUST0000554342,OT
CUST0000057790,OT
CUST0000349859,OT
CUST0000357661,OT
CUST0000992117,OT
CUST0000737314,OT
CUST0000196637,OT
CUST0000733828,OA
CUST0000769692,
CUST0000558567,OT
CUST0000875143,OT
CUST0000355981,OT
CUST0000452777,
CUST0000845893,OT
CUST0000255673,YA
CUST0000477514,OT
CUST0000568084,
CUST0000301027,OT
CUST0000528451,OT
CUST0000106749,OT
CUST0000192559,OT
CUST0000023729,
CUST0000092328,OT
CUST0000568633,OT
CUST0000957777,OT
CUST0000096331,PE
CUST0000745995,
CUST0000323706,
CUST0000832345,
CUST0000055988,OT
CUST0000861794,OT
CUST0000182451,OT
CUST0000759603,OT
CUST0000483557,OT
CUST0000955346,OT
CUST0000860835,OT
CUST0000445287,OT
CUST0000720813,
CUST0000023876,OT
CUST0000359859,OT
CUST0000857328,OT
CUST0000197975,
CUST0000604900,OT
CUST0000948399,OT
CUST0000442152,OT
CUST0000411972,OT
CUST0000594823,
CUST0000408366,OT
CUST0000453088,OT
CUST0000419789,OT
CUST0000951488,OT
CUST0000302397,OT
CUST0000753421,OT
CUST0000596834,OT
CUST0000012055,OT
CUST0000610284,OT
CUST0000618726,OT
CUST0000292191,OT
CUST0000671159,OT
CUST0000055116,OT
CUST0000086468,OT
CUST0000820448,OT
CUST0000199455,OT
CUST0000262766,OT
CUST0000785166,OT
CUST0000590182,OT
CUST0000618541,
CUST0000204025,OT
CUST0000415147,OT
CUST0000056956,OT
CUST0000585963,OT
CUST0000689445,OT
CUST0000387000,OT
CUST0000001058,OT
CUST0000098418,OT
CUST0000531589,OT
CUST0000239729,OT
CUST0000714601,OT
CUST0000722390,OT
CUST0000150629,OA
CUST0000490239,OT
CUST0000043446,OT
CUST0000930632,OT
CUST0000705865,OT
CUST0000159615,OT
CUST0000193230,OT
CUST0000647993,OT
CUST0000578938,OT
CUST0000658002,OT
CUST0000378984,OT
CUST0000270503,OT
CUST0000151068,OT
CUST0000131508,OT
CUST0000282774,OT
CUST0000429555,OT
CUST0000400826,OT
CUST0000314494,OT
CUST0000560629,OA
CUST0000506636,OT
CUST0000267589,OT
CUST0000179646,OT
CUST0000134680,OT
CUST0000043639,OT
CUST0000435931,OT
CUST0000563076,
CUST0000563760,
CUST0000234349,OT
CUST0000317882,OT
CUST0000876204,OT
CUST0000983981,OT
